"STable 5. Curated list of ampliconic genes. If CAT/Liftoff and RefSeq/Liftoff annotations agree, the RefSeq/Liftoff annotation is chosen. Otherwise, the annotation with higher identity to the RefSeq transcript was chosen. TSPY3 is preferably used over TSPY10 when transcript sequence identity was equally the same as they are known synonymous genes. Likewise for TSPY9 over TSPY9P. The final RefSeq transcript suggested annotation by the CAT/Liftoff annotation was chosen when it had higher support. For conflicting TSPY gene types inside the TSPY array, for being pseudogenes or protein coding, we manually sampled the sequence and blasted against the protein sequence database on NCBI. The chosen gene models were integrated into the RefSeq/Liftoff gene annotation and released as v5.1 (See STable 8 for the final coordinates). Later, exon-based identity search revealed three genes for being mis-labeled (marked in bold in Curated RefSeq/Liftoff v5.1). The closest to the TSPY3, with a premature stopcodon at the 4th exon, was TSPY10P. Two protein coding RMBYs better matched RBMY1A.",,,,,,,,,,,,,,,,,,,,,,,,,,,,,,,,,,,,,
Curated (RefSeq/Liftoff v5),,,,,Curated (Released in RefSeq/Liftoff v4),,,,,,,,,CAT/Liftoff (v1),,,,,,,RefSeq/Liftoff (v1),,,,,,,,,,,,,,,,
Amplicon,Gene Name,Strand,Gene Biotype,Annotation used,Amplicon,Gene Name,Strand,Gene Biotype,Annotation used,CAT/Liftoff %idy,RefSeq/Liftoff %idy,protein coding?,Identical gene names?,Chr.,Start,End,Gene Name,Strand,Gene Biotype,Notes,Chr.,Start,End,Gene Name,Strand,Gene Biotype,,,,,,,,,,,
TSPY,TSPY13P,+,unprocessed_pseudogene,RefSeq/Liftoff,TSPY,TSPY13P,+,unprocessed_pseudogene,RefSeq/Liftoff,,,pseudogene,Same,chrY,5926209,5928933,TSPY13P,+,unprocessed_pseudogene,Swapping TSPY2 and TSPY13P,chrY,5926209,5928937,TSPY13P,+,pseudogene,,,,,,,,,,,
TSPY,TSPY18P,-,unprocessed_pseudogene,RefSeq/Liftoff,TSPY,TSPY18P,-,unprocessed_pseudogene,RefSeq/Liftoff,,,pseudogene,Same,chrY,5962007,5963124,TSPY18P,-,unprocessed_pseudogene,,chrY,5962649,5963167,TSPY18P,-,pseudogene,,,,,,,,,,,
TSPY,TSPY17P,+,unprocessed_pseudogene,RefSeq/Liftoff,TSPY,TSPY17P,+,unprocessed_pseudogene,RefSeq/Liftoff,,,pseudogene,Same,chrY,6188548,6189015,TSPY17P,+,unprocessed_pseudogene,,chrY,6188503,6189015,TSPY17P,+,pseudogene,,,,,,,,,,,
TSPY,TSPY12P,-,unprocessed_pseudogene,RefSeq/Liftoff,TSPY,TSPY12P,-,unprocessed_pseudogene,RefSeq/Liftoff,,,pseudogene,Same,chrY,7340412,7342221,TSPY12P,-,unprocessed_pseudogene,,chrY,7339474,7342266,TSPY12P,-,pseudogene,,,,,,,,,,,
TSPY,TSPY24P,+,unprocessed_pseudogene,RefSeq/Liftoff,TSPY,TSPY24P,+,unprocessed_pseudogene,RefSeq/Liftoff,,,pseudogene,Same,chrY,7936153,7938164,TSPY24P,+,unprocessed_pseudogene,,chrY,7936153,7938164,TSPY24P,+,pseudogene,,,,,,,,,,,
TSPY,TSPY8,+,protein_coding,RefSeq/Liftoff,TSPY,TSPY8,+,protein_coding,RefSeq/Liftoff,,,protein_coding,Same,chrY,8943627,8946429,TSPY8,+,protein_coding,,chrY,8943627,8946423,TSPY8,+,protein_coding,,,,,,,,,,,
TSPY,TSPY8,+,protein_coding,RefSeq/Liftoff,TSPY,TSPY8,+,protein_coding,RefSeq/Liftoff,,,protein_coding,Same,chrY,8963923,8966719,TSPY8,+,protein_coding,,chrY,8963923,8966719,TSPY8,+,protein_coding,,,,,,,,,,,
TSPY,TSPY8,+,protein_coding,RefSeq/Liftoff,TSPY,TSPY8,+,protein_coding,RefSeq/Liftoff,,,protein_coding,Same,chrY,8984262,8987064,TSPY8,+,protein_coding,,chrY,8984262,8987058,TSPY8,+,protein_coding,,,,,,,,,,,
TSPY,TSPY2,+,protein_coding,manual curation,TSPY,TSPY2,+,protein_coding,manual curation,,0.9989,pseudogene,Same,chrY,9004575,9007325,TSPY7P,+,unprocessed_pseudogene,,chrY,9004529,9007325,TSPY7P,+,pseudogene,,,,,,,,,,,
TSPY,TSPY4,+,protein_coding,RefSeq/Liftoff,TSPY,TSPY4,+,protein_coding,RefSeq/Liftoff,0.9921,0.9986,protein_coding,Different Gene Names,chrY,9024834,9027648,TSPY10,+,protein_coding,,chrY,9024834,9027648,TSPY4,+,protein_coding,,,,,,,,,,,
TSPY,TSPY9,+,protein_coding,RefSeq/Liftoff,TSPY,TSPY9,+,protein_coding,RefSeq/Liftoff,,,protein_coding,Different Gene Names,chrY,9045212,9047792,TSPY9P,+,protein_coding,no gene TSPY9P in refseq (TSPY9 is listed as a gene synonym),chrY,9045166,9047980,TSPY9,+,protein_coding,,,,,,,,,,,
TSPY,TSPY3,+,protein_coding,RefSeq/Liftoff,TSPY,TSPY3,+,protein_coding,RefSeq/Liftoff,,,protein_coding,Same,chrY,9065457,9068259,TSPY3,+,protein_coding,,chrY,9065457,9068253,TSPY3,+,protein_coding,,,,,,,,,,,
TSPY,TSPY10,+,protein_coding,RefSeq/Liftoff,TSPY,TSPY10,+,protein_coding,RefSeq/Liftoff,0.9989,0.9993,?,Different Gene Names,chrY,9085765,9088515,TSPY7P,+,unprocessed_pseudogene,,chrY,9085719,9088515,TSPY10,+,protein_coding,,,,,,,,,,,
TSPY,TSPY3,+,protein_coding,RefSeq/Liftoff,TSPY,TSPY3,+,protein_coding,RefSeq/Liftoff,0.9989,0.9989,protein_coding,Different Gene Names,chrY,9105999,9108795,TSPY3,+,protein_coding,,chrY,9105999,9108795,TSPY10,+,protein_coding,,,,,,,,,,,
TSPY,TSPY3,+,protein_coding,RefSeq/Liftoff,TSPY,TSPY3,+,protein_coding,RefSeq/Liftoff,0.9986,0.9986,protein_coding,Different Gene Names,chrY,9126276,9129078,TSPY3,+,protein_coding,,chrY,9126276,9129072,TSPY10,+,protein_coding,,,,,,,,,,,
TSPY,TSPY10,+,protein_coding,RefSeq/Liftoff,TSPY,TSPY10,+,protein_coding,RefSeq/Liftoff,,,protein_coding,Same,chrY,9146559,9149361,TSPY10,+,protein_coding,,chrY,9146559,9149355,TSPY10,+,protein_coding,,,,,,,,,,,
TSPY,TSPY4,+,protein_coding,RefSeq/Liftoff,TSPY,TSPY4,+,protein_coding,RefSeq/Liftoff,0.9908,0.9975,protein_coding,Different Gene Names,chrY,9166820,9169634,TSPY1,+,protein_coding,,chrY,9166820,9169634,TSPY4,+,protein_coding,,,,,,,,,,,
TSPY,TSPY3,+,protein_coding,RefSeq/Liftoff,TSPY,TSPY3,+,protein_coding,RefSeq/Liftoff,,,protein_coding,Same,chrY,9187133,9189935,TSPY3,+,protein_coding,,chrY,9187133,9189929,TSPY3,+,protein_coding,,,,,,,,,,,
TSPY,TSPY3,+,protein_coding,RefSeq/Liftoff,TSPY,TSPY3,+,protein_coding,RefSeq/Liftoff,0.9989,0.9989,protein_coding,Different Gene Names,chrY,9207411,9210213,TSPY3,+,protein_coding,,chrY,9207411,9210207,TSPY10,+,protein_coding,,,,,,,,,,,
TSPY,TSPY3,+,protein_coding,RefSeq/Liftoff,TSPY,TSPY3,+,protein_coding,RefSeq/Liftoff,0.9986,0.9986,protein_coding,Different Gene Names,chrY,9227688,9230490,TSPY3,+,protein_coding,,chrY,9227688,9230484,TSPY10,+,protein_coding,,,,,,,,,,,
TSPY,TSPY10,+,protein_coding,RefSeq/Liftoff,TSPY,TSPY10,+,protein_coding,RefSeq/Liftoff,,,protein_coding,Same,chrY,9247971,9250773,TSPY10,+,protein_coding,,chrY,9247971,9250767,TSPY10,+,protein_coding,,,,,,,,,,,
TSPY,TSPY4,+,protein_coding,RefSeq/Liftoff,TSPY,TSPY4,+,protein_coding,RefSeq/Liftoff,,,protein_coding,Same,chrY,9268234,9271054,TSPY4,+,protein_coding,,chrY,9268234,9271048,TSPY4,+,protein_coding,,,,,,,,,,,
TSPY,TSPY3,+,protein_coding,RefSeq/Liftoff,TSPY,TSPY3,+,protein_coding,RefSeq/Liftoff,,,protein_coding,Same,chrY,9288549,9291351,TSPY3,+,protein_coding,,chrY,9288549,9291345,TSPY3,+,protein_coding,,,,,,,,,,,
TSPY,TSPY3,+,protein_coding,RefSeq/Liftoff,TSPY,TSPY3,+,protein_coding,RefSeq/Liftoff,,0.9992,protein_coding,Same,chrY,9308829,9311631,TSPY3,+,protein_coding,,chrY,9308829,9311625,TSPY3,+,protein_coding,,,,,,,,,,,
TSPY,TSPY3,+,protein_coding,RefSeq/Liftoff,TSPY,TSPY3,+,protein_coding,RefSeq/Liftoff,0.9986,0.9986,protein_coding,Different Gene Names,chrY,9329106,9331908,TSPY3,+,protein_coding,,chrY,9329106,9331902,TSPY10,+,protein_coding,,,,,,,,,,,
TSPY,TSPY10,+,protein_coding,RefSeq/Liftoff,TSPY,TSPY10,+,protein_coding,RefSeq/Liftoff,,,protein_coding,Same,chrY,9349392,9352194,TSPY10,+,protein_coding,,chrY,9349392,9352188,TSPY10,+,protein_coding,,,,,,,,,,,
TSPY,TSPY4,+,protein_coding,RefSeq/Liftoff,TSPY,TSPY4,+,protein_coding,RefSeq/Liftoff,,,protein_coding,Same,chrY,9369655,9372475,TSPY4,+,protein_coding,,chrY,9369655,9372469,TSPY4,+,protein_coding,,,,,,,,,,,
TSPY,TSPY3,+,protein_coding,manual curation,TSPY,TSPY3,+,protein_coding,manual curation,0.9975,0.9971,?,Different Gene Names,chrY,9390025,9392775,TSPY7P,+,unprocessed_pseudogene,TSPY7P mapped with seq id 0.9989 to  9004529-9007325 in refseq/liftoff,chrY,9389979,9392775,TSPY10,+,protein_coding,,,,,,,,,,,
TSPY,TSPY3,+,protein_coding,manual curation,TSPY,TSPY3,+,protein_coding,manual curation,0.9979,0.9975,?,Different Gene Names,chrY,9410317,9413067,TSPY7P,+,unprocessed_pseudogene,TSPY7P mapped with seq id 0.9989 to  9004529-9007325 in refseq/liftoff,chrY,9410271,9413067,TSPY10,+,protein_coding,,,,,,,,,,,
TSPY,TSPY1,+,protein_coding,RefSeq/Liftoff,TSPY,TSPY1,+,protein_coding,RefSeq/Liftoff,,,protein_coding,Same,chrY,9430561,9433357,TSPY1,+,protein_coding,,chrY,9430561,9433357,TSPY1,+,protein_coding,,,,,,,,,,,
TSPY,TSPY9,+,protein_coding,RefSeq/Liftoff,TSPY,TSPY9,+,protein_coding,RefSeq/Liftoff,0.9982,0.9989,protein_coding,Different Gene Names,chrY,9450876,9453690,TSPY4,+,protein_coding,,chrY,9450876,9453690,TSPY9,+,protein_coding,,,,,,,,,,,
TSPY,TSPY3,+,protein_coding,RefSeq/Liftoff,TSPY,TSPY3,+,protein_coding,RefSeq/Liftoff,,,protein_coding,Same,chrY,9471162,9473964,TSPY3,+,protein_coding,,chrY,9471162,9473958,TSPY3,+,protein_coding,,,,,,,,,,,
TSPY,TSPY4,+,protein_coding,RefSeq/Liftoff,TSPY,TSPY4,+,protein_coding,RefSeq/Liftoff,,,protein_coding,Same,chrY,9491446,9494266,TSPY4,+,protein_coding,,chrY,9491446,9494260,TSPY4,+,protein_coding,,,,,,,,,,,
TSPY,TSPY3,+,protein_coding,RefSeq/Liftoff,TSPY,TSPY3,+,protein_coding,RefSeq/Liftoff,,,protein_coding,Same,chrY,9511728,9514530,TSPY3,+,protein_coding,,chrY,9511728,9514524,TSPY3,+,protein_coding,,,,,,,,,,,
TSPY,TSPY9,+,protein_coding,RefSeq/Liftoff,TSPY,TSPY9,+,protein_coding,RefSeq/Liftoff,,,pseudogene,Same,chrY,9532039,9534619,TSPY6P,+,unprocessed_pseudogene,,chrY,9531993,9534807,TSPY6P,+,pseudogene,,,,,,,,,,,
TSPY,TSPY3,+,protein_coding,CAT/Liftoff,TSPY,TSPY3,+,protein_coding,CAT/Liftoff,0.9985,0.9979,protein_coding,Different Gene Names,chrY,9552292,9555094,TSPY3,+,protein_coding,TSPY3 mapped better to 9308829-9311625,chrY,9552292,9555088,TSPY10,+,protein_coding,,,,,,,,,,,
TSPY,TSPY10,+,protein_coding,RefSeq/Liftoff,TSPY,TSPY10,+,protein_coding,RefSeq/Liftoff,,,protein_coding,Same,chrY,9572591,9575393,TSPY10,+,protein_coding,,chrY,9572591,9575387,TSPY10,+,protein_coding,,,,,,,,,,,
TSPY,TSPY4,+,protein_coding,RefSeq/Liftoff,TSPY,TSPY4,+,protein_coding,RefSeq/Liftoff,0.9986,0.9986,protein_coding,Different Gene Names,chrY,9592943,9595523,TSPY9P,+,protein_coding,,chrY,9592897,9595711,TSPY4,+,protein_coding,,,,,,,,,,,
TSPY,TSPY10,+,protein_coding,RefSeq/Liftoff,TSPY,TSPY10,+,protein_coding,RefSeq/Liftoff,0.9982,0.9989,protein_coding,Different Gene Names,chrY,9613205,9616008,TSPY3,+,protein_coding,,chrY,9613205,9616002,TSPY10,+,protein_coding,,,,,,,,,,,
TSPY,TSPY1,+,protein_coding,RefSeq/Liftoff,TSPY,TSPY1,+,protein_coding,RefSeq/Liftoff,,,protein_coding,Same,chrY,9633523,9636319,TSPY1,+,protein_coding,,chrY,9633523,9636319,TSPY1,+,protein_coding,,,,,,,,,,,
TSPY,TSPY4,+,protein_coding,RefSeq/Liftoff,TSPY,TSPY4,+,protein_coding,RefSeq/Liftoff,,,protein_coding,Same,chrY,9653822,9656642,TSPY4,+,protein_coding,,chrY,9653822,9656636,TSPY4,+,protein_coding,,,,,,,,,,,
TSPY,TSPY9,+,protein_coding,RefSeq/Liftoff,TSPY,TSPY9,+,protein_coding,RefSeq/Liftoff,,,protein_coding,Different Gene Names,chrY,9674182,9676762,TSPY9P,+,protein_coding,no gene TSPY9P in refseq (TSPY9 is listed as a gene synonym),chrY,9674136,9676950,TSPY9,+,protein_coding,,,,,,,,,,,
TSPY,TSPY10,+,protein_coding,RefSeq/Liftoff,TSPY,TSPY10,+,protein_coding,RefSeq/Liftoff,,,protein_coding,Same,chrY,9694434,9697236,TSPY10,+,protein_coding,,chrY,9694434,9697230,TSPY10,+,protein_coding,,,,,,,,,,,
TSPY,TSPY10,+,protein_coding,RefSeq/Liftoff,TSPY,TSPY10,+,protein_coding,RefSeq/Liftoff,0.9925,0.9979,?,Different Gene Names,chrY,9714767,9717329,TSPY6P,+,unprocessed_pseudogene,,chrY,9714721,9717518,TSPY10,+,protein_coding,,,,,,,,,,,
TSPY,TSPY3,+,protein_coding,manual curation,TSPY,TSPY3,+,protein_coding,manual curation,0.9982,0.9978,?,Different Gene Names,chrY,9735065,9737815,TSPY7P,+,unprocessed_pseudogene,TSPY7P mapped with seq id 0.9989 to  9004529-9007325 in refseq/liftoff,chrY,9735019,9737815,TSPY10,+,protein_coding,,,,,,,,,,,
TSPY,TSPY10,+,protein_coding,manual curation,TSPY,TSPY10,+,protein_coding,manual curation,0.9975,0.9971,?,Different Gene Names,chrY,9755329,9758131,TSPY10,+,protein_coding,,chrY,9755329,9758125,TSPY7P,+,pseudogene,,,,,,,,,,,
TSPY,TSPY10,+,protein_coding,RefSeq/Liftoff,TSPY,TSPY10,+,protein_coding,RefSeq/Liftoff,0.9971,0.9979,protein_coding,Different Gene Names,chrY,9775606,9778409,TSPY3,+,protein_coding,,chrY,9775606,9778403,TSPY10,+,protein_coding,,,,,,,,,,,
TSPY,TSPY10P,+,pseudogene,manual curation,TSPY,TSPY3,+,protein_coding,CAT/Liftoff,0.9974,0.9798,protein_coding,Different Gene Names,chrY,9795914,9798716,TSPY3,+,protein_coding,TSPY3 mapped better to 9308829-9311625,chrY,9795914,9798710,TSPY10,+,protein_coding,,,,,,,,,,,
TSPY,TSPY3,+,protein_coding,RefSeq/Liftoff,TSPY,TSPY3,+,protein_coding,RefSeq/Liftoff,0.9961,0.9961,protein_coding,Different Gene Names,chrY,9816242,9819044,TSPY3,+,protein_coding,,chrY,9816242,9819038,TSPY10,+,protein_coding,,,,,,,,,,,
TSPY,TSPY9,+,protein_coding,RefSeq/Liftoff,TSPY,TSPY9,+,protein_coding,RefSeq/Liftoff,,,protein_coding,Different Gene Names,chrY,9836599,9839177,TSPY9P,+,protein_coding,no gene TSPY9P in refseq (TSPY9 is listed as a gene synonym),chrY,9836553,9839365,TSPY9,+,protein_coding,,,,,,,,,,,
TSPY,TSPY15P,+,unprocessed_pseudogene,RefSeq/Liftoff,TSPY,TSPY15P,+,unprocessed_pseudogene,RefSeq/Liftoff,,,pseudogene,Same,chrY,9856805,9859377,TSPY15P,+,unprocessed_pseudogene,,chrY,9856759,9859569,TSPY15P,+,pseudogene,,,,,,,,,,,
TSPY,TSPY25P,+,unprocessed_pseudogene,RefSeq/Liftoff,TSPY,TSPY25P,+,unprocessed_pseudogene,RefSeq/Liftoff,,,pseudogene,Same,chrY,9932883,9935052,TSPY25P,+,unprocessed_pseudogene,,chrY,9932883,9935052,TSPY25P,+,pseudogene,,,,,,,,,,,
TSPY,TSPY16P,-,unprocessed_pseudogene,RefSeq/Liftoff,TSPY,TSPY16P,-,unprocessed_pseudogene,RefSeq/Liftoff,,,pseudogene,Same,chrY,9948949,9949416,TSPY16P,-,unprocessed_pseudogene,,chrY,9948949,9949461,TSPY16P,-,pseudogene,,,,,,,,,,,
TSPY,TSPY19P,+,unprocessed_pseudogene,RefSeq/Liftoff,TSPY,TSPY19P,+,unprocessed_pseudogene,RefSeq/Liftoff,,,pseudogene,Same,chrY,10168400,10169517,TSPY19P,+,unprocessed_pseudogene,,chrY,10168357,10168875,TSPY19P,+,pseudogene,,,,,,,,,,,
TSPY,TSPY11P,-,unprocessed_pseudogene,RefSeq/Liftoff,TSPY,TSPY11P,-,unprocessed_pseudogene,RefSeq/Liftoff,,,pseudogene,Same,chrY,10204198,10206880,TSPY11P,-,unprocessed_pseudogene,,chrY,10204198,10206926,TSPY11P,-,pseudogene,,,,,,,,,,,
TSPY,TSPY2,-,protein_coding,RefSeq/Liftoff,TSPY,TSPY2,-,protein_coding,RefSeq/Liftoff,,,protein_coding,Same,chrY,10224650,10227203,TSPY2,-,protein_coding,Swapping TSPY2 with TSPY13P,chrY,10224454,10227249,TSPY2,-,protein_coding,,,,,,,,,,,
TSPY,TSPY20P,+,unprocessed_pseudogene,RefSeq/Liftoff,TSPY,TSPY20P,+,unprocessed_pseudogene,RefSeq/Liftoff,,,pseudogene,Same,chrY,10355297,10357477,TSPY20P,+,unprocessed_pseudogene,,chrY,10354120,10357491,TSPY20P,+,pseudogene,,,,,,,,,,,
TSPY,TSPY5P,-,transcribed_unprocessed_pseudogene,RefSeq/Liftoff,TSPY,TSPY5P,-,transcribed_unprocessed_pseudogene,RefSeq/Liftoff,,,pseudogene,Same,chrY,10385659,10388268,TSPY5P,-,transcribed_unprocessed_pseudogene,,chrY,10385498,10388313,TSPY5P,-,pseudogene,,,,,,,,,,,
TSPY,TSPY14P,+,unprocessed_pseudogene,RefSeq/Liftoff,TSPY,TSPY14P,+,unprocessed_pseudogene,RefSeq/Liftoff,,,pseudogene,Same,chrY,22343421,22345946,TSPY14P,+,unprocessed_pseudogene,,chrY,22343392,22346202,TSPY14P,+,pseudogene,,,,,,,,,,,
TSPY,TSPY23P,-,unprocessed_pseudogene,RefSeq/Liftoff,TSPY,TSPY23P,-,unprocessed_pseudogene,RefSeq/Liftoff,,0.9953,pseudogene,Different Gene Names,chrY,22383561,22385732,,-,pseudogene,Annotated only in RefSeq_Liftoff,chrY,22383561,22385732,TSPY23P,-,pseudogene,,,,,,,,,,,
TSPY,TSPY23P,-,unprocessed_pseudogene,RefSeq/Liftoff,TSPY,TSPY23P,-,unprocessed_pseudogene,RefSeq/Liftoff,,0.9963,pseudogene,Different Gene Names,chrY,22407091,22409262,,-,pseudogene,Annotated only in RefSeq_Liftoff,chrY,22407091,22409262,TSPY23P,-,pseudogene,,,,,,,,,,,
TSPY,TSPY23P,+,unprocessed_pseudogene,RefSeq/Liftoff,TSPY,TSPY23P,+,unprocessed_pseudogene,RefSeq/Liftoff,,0.9959,pseudogene,Different Gene Names,chrY,22730909,22733080,,+,pseudogene,Annotated only in RefSeq_Liftoff,chrY,22730909,22733080,TSPY23P,+,pseudogene,,,,,,,,,,,
TSPY,TSPY23P,+,unprocessed_pseudogene,RefSeq/Liftoff,TSPY,TSPY23P,+,unprocessed_pseudogene,RefSeq/Liftoff,,0.9963,pseudogene,Different Gene Names,chrY,22754438,22756609,,+,pseudogene,Annotated only in RefSeq_Liftoff,chrY,22754438,22756609,TSPY23P,+,pseudogene,,,,,,,,,,,
TSPY,TSPY21P,+,unprocessed_pseudogene,RefSeq/Liftoff,TSPY,TSPY21P,+,unprocessed_pseudogene,RefSeq/Liftoff,,,pseudogene,Same,chrY,23019379,23021544,TSPY21P,+,unprocessed_pseudogene,Disagreeing in length with RefSeq_Liftoff (TSPY21P). RefSeq: TSPY23P,chrY,23019127,23027373,TSPY21P,+,pseudogene,,,,,,,,,,,
TSPY,TSPY22P,+,unprocessed_pseudogene,RefSeq/Liftoff,TSPY,TSPY22P,+,unprocessed_pseudogene,RefSeq/Liftoff,,,pseudogene,Same,chrY,23113990,23116016,TSPY22P,+,unprocessed_pseudogene,,chrY,23114048,23117513,TSPY22P,+,pseudogene,,,,,,,,,,,
TSPY,TSPY23P,-,unprocessed_pseudogene,RefSeq/Liftoff,TSPY,TSPY23P,-,unprocessed_pseudogene,RefSeq/Liftoff,,1,pseudogene,Different Gene Names,chrY,23236036,23238201,TSPY21P,-,unprocessed_pseudogene,"(Annotated as TSPY23P in RefSeq_Liftoff, TSPY21P in RefSeq",chrY,23236030,23238201,TSPY23P,-,pseudogene,,,,,,,,,,,
RBMY,RBMY2NP,+,pseudogene,RefSeq/Liftoff,RBMY,RBMY2NP,+,pseudogene,RefSeq/Liftoff,,,pseudogene,Same,chrY,5986092,6001370,RBMY2NP,+,unprocessed_pseudogene,,chrY,5996821,6001370,RBMY2NP,+,pseudogene,,,,,,,,,,,
RBMY,RBMY2HP,-,pseudogene,RefSeq/Liftoff,RBMY,RBMY2HP,-,pseudogene,RefSeq/Liftoff,,,pseudogene,Same,chrY,7324423,7328704,RBMY2HP,-,unprocessed_pseudogene,,chrY,7324150,7330693,RBMY2HP,-,pseudogene,,,,,,,,,,,
RBMY,RBMY2JP,+,pseudogene,RefSeq/Liftoff,RBMY,RBMY2JP,+,pseudogene,RefSeq/Liftoff,,,pseudogene,Same,chrY,7783131,7800204,RBMY2JP,+,unprocessed_pseudogene,,chrY,7783125,7800631,RBMY2JP,+,pseudogene,,,,,,,,,,,
RBMY,RBMY2KP,-,pseudogene,RefSeq/Liftoff,RBMY,RBMY2KP,-,pseudogene,RefSeq/Liftoff,,,pseudogene,Same,chrY,7920408,7933143,RBMY2KP,-,unprocessed_pseudogene,,chrY,7920125,7933150,RBMY2KP,-,pseudogene,,,,,,,,,,,
RBMY,RBMY2MP,+,pseudogene,RefSeq/Liftoff,RBMY,RBMY2MP,+,pseudogene,RefSeq/Liftoff,,,pseudogene,Different Gene Names,,,,,,,,chrY,8560287,8572449,RBMY2MP,+,pseudogene,,,,,,,,,,,
RBMY,RBMY1A3P,-,transcribed_pseudogene,RefSeq/Liftoff,RBMY,RBMY1A3P,-,transcribed_pseudogene,RefSeq/Liftoff,,,pseudogene,Same,chrY,8917291,8929032,RBMY1A3P,-,unprocessed_pseudogene,,chrY,8923222,8929037,RBMY1A3P,-,transcribed_pseudogene,,,,,,,,,,,
RBMY,RBMY1GP,+,pseudogene,RefSeq/Liftoff,RBMY,RBMY1GP,+,pseudogene,RefSeq/Liftoff,,,pseudogene,Different Gene Names,,,,,,,,chrY,8931653,8936750,RBMY1GP,+,pseudogene,,,,,,,,,,,
RBMY,RBMY3AP,-,transcribed_pseudogene,RefSeq/Liftoff,RBMY,RBMY3AP,-,transcribed_pseudogene,RefSeq/Liftoff,,,pseudogene,Same,chrY,9919271,9929976,RBMY3AP,-,unprocessed_pseudogene,,chrY,9919421,9923853,RBMY3AP,-,transcribed_pseudogene,,,,,,,,,,,
RBMY,RBMY2GP,-,pseudogene,RefSeq/Liftoff,RBMY,RBMY2GP,-,pseudogene,RefSeq/Liftoff,,,pseudogene,Same,chrY,10130123,10145421,RBMY2GP,-,unprocessed_pseudogene,,chrY,10129862,10145284,RBMY2GP,-,pseudogene,,,,,,,,,,,
RBMY,RBMY2OP,+,pseudogene,RefSeq/Liftoff,RBMY,RBMY2OP,+,pseudogene,RefSeq/Liftoff,,,pseudogene,Same,chrY,10270637,10278505,RBMY2OP,+,unprocessed_pseudogene,,chrY,10270631,10278925,RBMY2OP,+,pseudogene,,,,,,,,,,,
RBMY,RBMY2QP,-,pseudogene,RefSeq/Liftoff,RBMY,RBMY2QP,-,pseudogene,RefSeq/Liftoff,,,pseudogene,Same,chrY,10273614,10354401,RBMY2QP,-,transcribed_unprocessed_pseudogene,,chrY,10341310,10354426,RBMY2QP,-,pseudogene,,,,,,,,,,,
RBMY,RBMY2SP,+,pseudogene,RefSeq/Liftoff,RBMY,RBMY2SP,+,pseudogene,RefSeq/Liftoff,,,pseudogene,Different Gene Names,,,,,,,,chrY,22186419,22194694,RBMY2SP,+,pseudogene,,,,,,,,,,,
RBMY,RBMY2EP,-,transcribed_pseudogene,RefSeq/Liftoff,RBMY,RBMY2EP,-,transcribed_pseudogene,RefSeq/Liftoff,,,pseudogene,Same,chrY,22270253,22276847,RBMY2EP,-,transcribed_unprocessed_pseudogene,,chrY,22270410,22276824,RBMY2EP,-,transcribed_pseudogene,,,,,,,,,,,
RBMY,RBMY2TP,-,pseudogene,RefSeq/Liftoff,RBMY,RBMY2TP,-,pseudogene,RefSeq/Liftoff,,,pseudogene,Same,chrY,22305959,22312508,RBMY2TP,-,unprocessed_pseudogene,,chrY,22305586,22312610,RBMY2TP,-,pseudogene,,,,,,,,,,,
RBMY,RBMY1HP,+,pseudogene,RefSeq/Liftoff,RBMY,RBMY1HP,+,pseudogene,RefSeq/Liftoff,,,pseudogene,Same,chrY,22368782,22377230,RBMY1HP,+,unprocessed_pseudogene,,chrY,22368682,22377599,RBMY1HP,+,pseudogene,,,,,,,,,,,
RBMY,RBMY1A1,+,protein_coding,RefSeq/Liftoff,RBMY,RBMY1B,+,protein_coding,RefSeq/Liftoff,0.7374,0.9986,protein_coding,Different Gene Names,chrY,22386634,22424578,RBMY1A1,+,protein_coding,,chrY,22386600,22402468,RBMY1B,+,protein_coding,,,,,,,,,,,
RBMY,RBMY1D,+,protein_coding,RefSeq/Liftoff,RBMY,RBMY1D,+,protein_coding,RefSeq/Liftoff,,,?,Different Gene Names,,,,,,,,chrY,22403910,22436221,RBMY1D,+,protein_coding,,,,,,,,,,,
RBMY,RBMY1A1,-,protein_coding,CAT/Liftoff,RBMY,RBMY1D,-,protein_coding,CAT/Liftoff,0.9994,0.9993,protein_coding,Different Gene Names,chrY,22715593,22730041,RBMY1D,-,protein_coding,,chrY,22705235,22730041,RBMY1A1,-,protein_coding,,,,,,,,,,,
RBMY,RBMY1E,-,protein_coding,RefSeq/Liftoff,RBMY,RBMY1E,-,protein_coding,RefSeq/Liftoff,,,protein_coding,Same,chrY,22739133,22753570,RBMY1E,-,protein_coding,,chrY,22737692,22753535,RBMY1E,-,protein_coding,,,,,,,,,,,
RBMY,RBMY2BP,-,pseudogene,RefSeq/Liftoff,RBMY,RBMY2BP,-,pseudogene,RefSeq/Liftoff,0.9986,0.9999,pseudogene,Different Gene Names,chrY,22763024,22772658,RBMY2AP,-,unprocessed_pseudogene,,chrY,22766685,22774747,RBMY2BP,-,pseudogene,,,,,,,,,,,
RBMY,RBMY1J,-,protein_coding,RefSeq/Liftoff,RBMY,RBMY1J,-,protein_coding,RefSeq/Liftoff,0.9993,0.9997,protein_coding,Different Gene Names,chrY,23004065,23018511,RBMY1F,-,protein_coding,,chrY,22997076,23018537,RBMY1J,-,protein_coding,,,,,,,,,,,
RBMY,RBMY2UP,+,pseudogene,RefSeq/Liftoff,RBMY,RBMY2UP,+,pseudogene,RefSeq/Liftoff,,,pseudogene,Same,chrY,23033958,23039241,RBMY2UP,+,unprocessed_pseudogene,,chrY,23033851,23037406,RBMY2UP,+,pseudogene,,,,,,,,,,,
RBMY,RBMY2VP,-,pseudogene,RefSeq/Liftoff,RBMY,RBMY2VP,-,pseudogene,RefSeq/Liftoff,,,pseudogene,Different Gene Names,,,,,,,,chrY,23033851,23040381,RBMY2VP,-,pseudogene,,,,,,,,,,,
RBMY,RBMY2FP,-,transcribed_pseudogene,RefSeq/Liftoff,RBMY,RBMY2FP,-,transcribed_pseudogene,RefSeq/Liftoff,,,pseudogene,Same,chrY,23100116,23113082,RBMY2FP,-,transcribed_unprocessed_pseudogene,,chrY,23105736,23113082,RBMY2FP,-,transcribed_pseudogene,,,,,,,,,,,
RBMY,RBMY1KP,-,pseudogene,RefSeq/Liftoff,RBMY,RBMY1KP,-,pseudogene,RefSeq/Liftoff,,,pseudogene,Same,chrY,23205471,23212720,RBMY1KP,-,unprocessed_pseudogene,,chrY,23205471,23212720,RBMY1KP,-,pseudogene,,,,,,,,,,,
RBMY,RBMY2VP,+,pseudogene,RefSeq/Liftoff,RBMY,RBMY2VP,+,pseudogene,RefSeq/Liftoff,,,pseudogene,Different Gene Names,,,,,,,,chrY,23217199,23223729,RBMY2VP,+,pseudogene,,,,,,,,,,,
RBMY,RBMY2UP,-,pseudogene,RefSeq/Liftoff,RBMY,RBMY2UP,-,pseudogene,RefSeq/Liftoff,,,pseudogene,Same,chrY,23218339,23223622,RBMY2UP,-,unprocessed_pseudogene,,chrY,23220174,23223729,RBMY2UP,-,pseudogene,,,,,,,,,,,
RBMY,RBMY1F,+,protein_coding,RefSeq/Liftoff,RBMY,RBMY1F,+,protein_coding,RefSeq/Liftoff,,,protein_coding,Same,chrY,23239069,23253511,RBMY1F,+,protein_coding,,chrY,23239128,23259168,RBMY1F,+,protein_coding,,,,,,,,,,,
RBMY,RBMY2BP,+,transcribed_unprocessed_pseudogene,CAT/Liftoff,RBMY,RBMY2BP,+,transcribed_unprocessed_pseudogene,CAT/Liftoff,0.9994,0.9988,pseudogene,Different Gene Names,chrY,23484909,23494542,RBMY2BP,+,transcribed_unprocessed_pseudogene,,chrY,23482820,23494949,RBMY2AP,+,pseudogene,,,,,,,,,,,
RBMY,RBMY2WP,-,pseudogene,RefSeq/Liftoff,RBMY,RBMY2WP,-,pseudogene,RefSeq/Liftoff,,,pseudogene,Same,chrY,23598516,23605460,RBMY2WP,-,unprocessed_pseudogene,,chrY,23597989,23605563,RBMY2WP,-,pseudogene,,,,,,,,,,,
RBMY,RBMY2XP,+,pseudogene,RefSeq/Liftoff,RBMY,RBMY2XP,+,pseudogene,RefSeq/Liftoff,0.9975,0.9989,pseudogene,Different Gene Names,chrY,24459002,24465949,RBMY2YP,+,unprocessed_pseudogene,,chrY,24458899,24466463,RBMY2XP,+,pseudogene,,,,,,,,,,,
RBMY,RBMY2DP,+,pseudogene,RefSeq/Liftoff,RBMY,RBMY2DP,+,pseudogene,RefSeq/Liftoff,,,pseudogene,Same,chrY,25316168,25325802,RBMY2DP,+,transcribed_processed_pseudogene,,chrY,25314079,25326208,RBMY2DP,+,pseudogene,,,,,,,,,,,
RBMY,RBMY2YP,+,pseudogene,RefSeq/Liftoff,RBMY,RBMY2YP,+,pseudogene,RefSeq/Liftoff,,,pseudogene,Same,chrY,26078990,26085937,RBMY2YP,+,unprocessed_pseudogene,,chrY,26078886,26086451,RBMY2YP,+,pseudogene,,,,,,,,,,,
RBMY,RBMY2CP,+,pseudogene,RefSeq/Liftoff,RBMY,RBMY2CP,+,pseudogene,RefSeq/Liftoff,0.9999,1,pseudogene,Different Gene Names,chrY,26935588,26945222,RBMY2DP,+,transcribed_processed_pseudogene,,chrY,26933499,26945628,RBMY2CP,+,pseudogene,,,,,,,,,,,
CDY,CDY3P,-,pseudogene,RefSeq/Liftoff,CDY,CDY3P,-,pseudogene,RefSeq/Liftoff,,,pseudogene,Same,chrY,8772223,8773840,CDY3P,-,processed_pseudogene,,chrY,8771366,8774165,CDY3P,-,pseudogene,,,,,,,,,,,
CDY,CDY4P,-,pseudogene,RefSeq/Liftoff,CDY,CDY4P,-,pseudogene,RefSeq/Liftoff,,,pseudogene,Same,chrY,13710250,13712107,CDY4P,-,processed_pseudogene,,chrY,13709618,13712535,CDY4P,-,pseudogene,,,,,,,,,,,
CDY,CDY5P,+,pseudogene,RefSeq/Liftoff,CDY,CDY5P,+,pseudogene,RefSeq/Liftoff,,,pseudogene,Same,chrY,18628150,18629729,CDY5P,+,unprocessed_pseudogene,,chrY,18627749,18629747,CDY5P,+,pseudogene,,,,,,,,,,,
CDY,CDY2B,-,protein_coding,RefSeq/Liftoff,CDY,CDY2B,-,protein_coding,RefSeq/Liftoff,,,protein_coding,Same,chrY,18783968,18786776,CDY2B,-,protein_coding,,chrY,18784818,18786778,CDY2B,-,protein_coding,,,,,,,,,,,
CDY,CDY8P,-,pseudogene,RefSeq/Liftoff,CDY,CDY8P,-,pseudogene,RefSeq/Liftoff,0.9981,0.9981,pseudogene,Different Gene Names,chrY,18788657,18790263,CDY6P,-,unprocessed_pseudogene,,chrY,18788556,18790689,CDY8P,-,pseudogene,,,,,,,,,,,
CDY,USP9YP6/CDY24P,-,pseudogene,RefSeq/Liftoff,CDY,USP9YP6/CDY24P,-,pseudogene,RefSeq/Liftoff,,,pseudogene,Different Gene Names,,,,,,,,chrY,18821496,18828215,USP9YP6/CDY24P,-,pseudogene,,,,,,,,,,,
CDY,CDY7P,+,pseudogene,RefSeq/Liftoff,CDY,CDY7P,+,pseudogene,RefSeq/Liftoff,,,pseudogene,Same,chrY,18858131,18860042,CDY7P,+,unprocessed_pseudogene,,chrY,18857810,18860106,CDY7P,+,pseudogene,,,,,,,,,,,
CDY,CDY6P,+,pseudogene,RefSeq/Liftoff,CDY,CDY6P,+,pseudogene,RefSeq/Liftoff,0.9981,0.9981,pseudogene,Different Gene Names,chrY,18928777,18930383,CDY8P,+,unprocessed_pseudogene,,chrY,18928351,18930484,CDY6P,+,pseudogene,,,,,,,,,,,
CDY,CDY2A,+,protein_coding,RefSeq/Liftoff,CDY,CDY2A,+,protein_coding,RefSeq/Liftoff,,,protein_coding,Same,chrY,18932262,18935072,CDY2A,+,protein_coding,,chrY,18932262,18934221,CDY2A,+,protein_coding,,,,,,,,,,,
CDY,CDY9P,-,pseudogene,RefSeq/Liftoff,CDY,CDY9P,-,pseudogene,RefSeq/Liftoff,,,pseudogene,Same,chrY,19089320,19090899,CDY9P,-,unprocessed_pseudogene,,chrY,19089302,19091300,CDY9P,-,pseudogene,,,,,,,,,,,
CDY,CDY10P,-,pseudogene,RefSeq/Liftoff,CDY,CDY10P,-,pseudogene,RefSeq/Liftoff,,,pseudogene,Same,chrY,22512711,22514277,CDY10P,-,unprocessed_pseudogene,,chrY,22511837,22514704,CDY10P,-,pseudogene,,,,,,,,,,,
CDY,CDY11P,+,pseudogene,RefSeq/Liftoff,CDY,CDY11P,+,pseudogene,RefSeq/Liftoff,,,pseudogene,Same,chrY,22572060,22573710,CDY11P,+,unprocessed_pseudogene,,chrY,22571635,22574663,CDY11P,+,pseudogene,,,,,,,,,,,
CDY,CDY12P,+,pseudogene,RefSeq/Liftoff,CDY,CDY12P,+,pseudogene,RefSeq/Liftoff,1,1,pseudogene,Different Gene Names,chrY,22900217,22901231,CDY13P,+,unprocessed_pseudogene,,chrY,22900116,22901324,CDY12P,+,pseudogene,,,,,,,,,,,
CDY,CDY13P,-,pseudogene,RefSeq/Liftoff,CDY,CDY13P,-,pseudogene,RefSeq/Liftoff,,,pseudogene,Same,chrY,23356331,23357345,CDY13P,-,unprocessed_pseudogene,,chrY,23356238,23357446,CDY13P,-,pseudogene,,,,,,,,,,,
CDY,CDY18P,-,pseudogene,RefSeq/Liftoff,CDY,CDY18P,-,pseudogene,RefSeq/Liftoff,1,1,pseudogene,Different Gene Names,chrY,24756546,24758457,CDY19P,-,unprocessed_pseudogene,,chrY,24755331,24758778,CDY18P,-,pseudogene,,,,,,,,,,,
CDY,CDY17P,+,pseudogene,RefSeq/Liftoff,CDY,CDY17P,+,pseudogene,RefSeq/Liftoff,1,1,pseudogene,Different Gene Names,chrY,24811073,24812682,CDY20P,+,unprocessed_pseudogene,,chrY,24810647,24812783,CDY17P,+,pseudogene,,,,,,,,,,,
CDY,CDY1B,+,protein_coding,RefSeq/Liftoff,CDY,CDY1B,+,protein_coding,RefSeq/Liftoff,0.9994,0.9994,protein_coding,Different Gene Names,chrY,24814591,24817331,CDY1,+,protein_coding,,chrY,24814541,24817940,CDY1B,+,protein_coding,,,,,,,,,,,
CDY,CDY21P,+,pseudogene,RefSeq/Liftoff,CDY,CDY21P,+,pseudogene,RefSeq/Liftoff,,,pseudogene,Different Gene Names,,,,,,,,chrY,24999763,25001093,CDY21P,+,pseudogene,,,,,,,,,,,
CDY,CDY22P,+,pseudogene,RefSeq/Liftoff,CDY,CDY22P,+,pseudogene,RefSeq/Liftoff,,,pseudogene,Same,chrY,25005472,25007025,CDY22P,+,unprocessed_pseudogene,,chrY,25005051,25008292,CDY22P,+,pseudogene,,,,,,,,,,,
CDY,CDY14P,-,pseudogene,RefSeq/Liftoff,CDY,CDY14P,-,pseudogene,RefSeq/Liftoff,,,pseudogene,Same,chrY,25187180,25188193,CDY14P,-,unprocessed_pseudogene,,chrY,25187087,25188294,CDY14P,-,pseudogene,,,,,,,,,,,
CDY,CDY19P,-,pseudogene,RefSeq/Liftoff,CDY,CDY19P,-,pseudogene,RefSeq/Liftoff,1,1,pseudogene,Different Gene Names,chrY,26376510,26378421,CDY18P,-,unprocessed_pseudogene,,chrY,26375295,26378742,CDY19P,-,pseudogene,,,,,,,,,,,
CDY,CDY20P,+,pseudogene,RefSeq/Liftoff,CDY,CDY20P,+,pseudogene,RefSeq/Liftoff,1,1,pseudogene,Different Gene Names,chrY,26431037,26432646,CDY17P,+,unprocessed_pseudogene,,chrY,26430611,26432747,CDY20P,+,pseudogene,,,,,,,,,,,
CDY,CDY1,+,protein_coding,RefSeq/Liftoff,CDY,CDY1,+,protein_coding,RefSeq/Liftoff,1,1,protein_coding,Different Gene Names,chrY,26434505,26436731,CDY1B,+,protein_coding,,chrY,26434508,26437904,CDY1,+,protein_coding,,,,,,,,,,,
CDY,CDY16P,+,pseudogene,RefSeq/Liftoff,CDY,CDY16P,+,pseudogene,RefSeq/Liftoff,,,pseudogene,Different Gene Names,,,,,,,,chrY,26619710,26621040,CDY16P,+,pseudogene,,,,,,,,,,,
CDY,CDY15P,+,pseudogene,RefSeq/Liftoff,CDY,CDY15P,+,pseudogene,RefSeq/Liftoff,0.9997,0.9997,pseudogene,Different Gene Names,chrY,26625419,26626972,CDY22P,+,unprocessed_pseudogene,,chrY,26624998,26628239,CDY15P,+,pseudogene,,,,,,,,,,,
CDY,CDY23P,-,pseudogene,RefSeq/Liftoff,CDY,CDY23P,-,pseudogene,RefSeq/Liftoff,,,pseudogene,Same,chrY,26807130,26808143,CDY23P,-,unprocessed_pseudogene,,chrY,26807037,26808244,CDY23P,-,pseudogene,,,,,,,,,,,
DAZ,DAZ3,-,protein_coding,RefSeq/Liftoff,DAZ,DAZ3,-,protein_coding,RefSeq/Liftoff,0.7574,0.8184,protein_coding,Different Gene Names,chrY,23965003,24026288,DAZ1,-,protein_coding,,chrY,23965003,24026202,DAZ3,-,protein_coding,,,,,,,,,,,
DAZ,DAZ4,+,protein_coding,RefSeq/Liftoff,DAZ,DAZ4,+,protein_coding,RefSeq/Liftoff,,,protein_coding,Same,chrY,24076197,24099471,DAZ4,+,protein_coding,,chrY,24046629,24099471,DAZ4,+,protein_coding,,,,,,,,,,,
DAZ,DAZ1,-,protein_coding,RefSeq/Liftoff,DAZ,DAZ1,-,protein_coding,RefSeq/Liftoff,0.513,0.9997,protein_coding,Different Gene Names,chrY,25571713,25585440,DAZ2,-,protein_coding,,chrY,25571713,25641458,DAZ1,-,protein_coding,,,,,,,,,,,
DAZ,DAZ2,+,protein_coding,RefSeq/Liftoff,DAZ,DAZ2,+,protein_coding,RefSeq/Liftoff,0.7276,0.8005,protein_coding,Different Gene Names,chrY,25661798,25719401,DAZ3,+,protein_coding,,chrY,25661821,25719401,DAZ2,+,protein_coding,,,,,,,,,,,
BPY,BPY2DP,-,pseudogene,RefSeq/Liftoff,BPY,BPY2DP,-,pseudogene,RefSeq/Liftoff,,,pseudogene,Same,chrY,7588983,7593626,BPY2DP,-,unprocessed_pseudogene,,chrY,7582075,7604985,BPY2DP,-,pseudogene,,,,,,,,,,,
BPY,BPY2C,+,protein_coding,RefSeq/Liftoff,BPY,BPY2C,+,protein_coding,RefSeq/Liftoff,0.9997,0.9999,protein_coding,Different Gene Names,chrY,23809495,23841142,BPY2,+,protein_coding,,chrY,23819939,23841142,BPY2C,+,protein_coding,,,,,,,,,,,
BPY,BPY2B,-,protein_coding,RefSeq/Liftoff,BPY,BPY2B,-,protein_coding,RefSeq/Liftoff,,,protein_coding,Same,chrY,24223343,24254990,BPY2B,-,protein_coding,,chrY,24223343,24244546,BPY2B,-,protein_coding,,,,,,,,,,,
BPY,BPY2,-,protein_coding,RefSeq/Liftoff,BPY,BPY2,-,protein_coding,RefSeq/Liftoff,0.9998,0.9998,protein_coding,Different Gene Names,chrY,25843297,25874944,BPY2B,-,protein_coding,,chrY,25843297,25864500,BPY2,-,protein_coding,,,,,,,,,,,
PRY,PRYP2,-,pseudogene,RefSeq/Liftoff,PRY,PRYP2,-,pseudogene,RefSeq/Liftoff,0.9996,0.9996,pseudogene,Different Gene Names,chrY,18636080,18651153,PRYP1,-,unprocessed_pseudogene,,chrY,18635513,18651202,PRYP2,-,pseudogene,,,,,,,,,,,
PRY,PRYP1,+,pseudogene,RefSeq/Liftoff,PRY,PRYP1,+,pseudogene,RefSeq/Liftoff,0.9996,0.9998,pseudogene,Different Gene Names,chrY,19067852,19082969,PRYP2,+,unprocessed_pseudogene,,chrY,19067955,19082698,PRYP1,+,pseudogene,,,,,,,,,,,
PRY,PRYP5,+,pseudogene,RefSeq/Liftoff,PRY,PRYP5,+,pseudogene,RefSeq/Liftoff,,,pseudogene,Same,chrY,19435844,19436109,PRYP5,+,unprocessed_pseudogene,,chrY,19435744,19436209,PRYP5,+,pseudogene,,,,,,,,,,,
PRY,PRYP6,-,pseudogene,RefSeq/Liftoff,PRY,PRYP6,-,pseudogene,RefSeq/Liftoff,,,pseudogene,Same,chrY,19697175,19697517,PRYP6,-,transcribed_unprocessed_pseudogene,,chrY,19697075,19697617,PRYP6,-,pseudogene,,,,,,,,,,,
PRY,PRY,-,protein_coding,RefSeq/Liftoff,PRY,PRY,-,protein_coding,RefSeq/Liftoff,,,protein_coding,Same,chrY,22907275,22931519,PRY,-,protein_coding,,chrY,22907275,22931519,PRY,-,protein_coding,,,,,,,,,,,
PRY,PRY2,+,protein_coding,RefSeq/Liftoff,PRY,PRY2,+,protein_coding,RefSeq/Liftoff,,,protein_coding,Same,chrY,23326035,23350287,PRY2,+,protein_coding,,chrY,23326035,23350287,PRY2,+,protein_coding,,,,,,,,,,,
PRY,PRYP3,+,pseudogene,RefSeq/Liftoff,PRY,PRYP3,+,pseudogene,RefSeq/Liftoff,0.9999,0.9999,pseudogene,Different Gene Names,chrY,25168044,25180565,PRYP4,+,unprocessed_pseudogene,,chrY,25167890,25181232,PRYP3,+,pseudogene,,,,,,,,,,,
PRY,PRYP4,+,pseudogene,RefSeq/Liftoff,PRY,PRYP4,+,pseudogene,RefSeq/Liftoff,0.9999,1,?,Different Gene Names,chrY,26787943,26801082,PRYP3,+,protein_coding,,chrY,26787841,26801182,PRYP4,+,pseudogene,,,,,,,,,,,
HSFY,HSFY3P,-,pseudogene,RefSeq/Liftoff,HSFY,HSFY3P,-,pseudogene,RefSeq/Liftoff,,,pseudogene,Same,chrY,2558516,2567384,HSFY3P,-,transcribed_unprocessed_pseudogene,,chrY,2558393,2560553,HSFY3P,-,pseudogene,,,,,,,,,,,
HSFY,HSFY1,+,protein_coding,RefSeq/Liftoff,HSFY,HSFY1,+,protein_coding,RefSeq/Liftoff,,,protein_coding,Same,chrY,19453178,19495418,HSFY1,+,protein_coding,,chrY,19436129,19495418,HSFY1,+,protein_coding,,,,,,,,,,,
HSFY,HSFY2,-,protein_coding,RefSeq/Liftoff,HSFY,HSFY2,-,protein_coding,RefSeq/Liftoff,,,protein_coding,Same,chrY,19637916,19680200,HSFY2,-,protein_coding,,chrY,19637916,19697230,HSFY2,-,protein_coding,,,,,,,,,,,
HSFY,HSFY4P,-,pseudogene,RefSeq/Liftoff,HSFY,HSFY4P,-,pseudogene,RefSeq/Liftoff,,,pseudogene,Same,chrY,21683999,21687032,HSFY4P,-,unprocessed_pseudogene,,chrY,21683999,21718821,HSFY4P,-,pseudogene,,,,,,,,,,,
HSFY,HSFY5P,-,pseudogene,RefSeq/Liftoff,HSFY,HSFY5P,-,pseudogene,RefSeq/Liftoff,,,pseudogene,Same,chrY,22884073,22884866,HSFY5P,-,unprocessed_pseudogene,,chrY,22884071,22884934,HSFY5P,-,pseudogene,,,,,,,,,,,
HSFY,HSFY7P,+,pseudogene,RefSeq/Liftoff,HSFY,HSFY7P,+,pseudogene,RefSeq/Liftoff,,,pseudogene,Same,chrY,23372696,23373498,HSFY7P,+,unprocessed_pseudogene,,chrY,23372696,23373498,HSFY7P,+,pseudogene,,,,,,,,,,,
HSFY,HSFY8P,+,unprocessed_pseudogene,CAT/Liftoff,HSFY,HSFY8P,+,unprocessed_pseudogene,CAT/Liftoff,1,0.9969,pseudogene,Different Gene Names,chrY,25203933,25204735,HSFY8P,+,unprocessed_pseudogene,,chrY,25203448,25204728,HSFY6P,+,pseudogene,,,,,,,,,,,
HSFY,HSFY8P,+,pseudogene,RefSeq/Liftoff,HSFY,HSFY8P,+,pseudogene,RefSeq/Liftoff,,,pseudogene,Same,chrY,26823881,26824683,HSFY8P,+,unprocessed_pseudogene,,chrY,26823881,26824683,HSFY8P,+,pseudogene,,,,,,,,,,,
VCY,VCY,-,protein_coding,RefSeq/Liftoff,VCY,VCY,-,protein_coding,RefSeq/Liftoff,,,protein_coding,Same,chrY,14892390,14893131,VCY,-,protein_coding,,chrY,14892390,14893091,VCY,-,protein_coding,,,,,,,,,,,
VCY,VCY1B,+,protein_coding,RefSeq/Liftoff,VCY,VCY1B,+,protein_coding,RefSeq/Liftoff,,,protein_coding,Same,chrY,14962884,14963615,VCY1B,+,protein_coding,,chrY,14962884,14963615,VCY1B,+,protein_coding,,,,,,,,,,,
XKRY,XKRY,-,transcribed_pseudogene,RefSeq/Liftoff,XKRY,XKRY,-,transcribed_pseudogene,RefSeq/Liftoff,,,pseudogene,Same,chrY,18675537,18683957,XKRY,-,transcribed_unprocessed_pseudogene,,chrY,18675537,18677117,XKRY,-,transcribed_pseudogene,,,,,,,,,,,
XKRY,XKRY2,+,transcribed_pseudogene,RefSeq/Liftoff,XKRY,XKRY2,+,transcribed_pseudogene,RefSeq/Liftoff,,,pseudogene,Same,chrY,19035094,19043371,XKRY2,+,transcribed_unprocessed_pseudogene,,chrY,19041934,19043514,XKRY2,+,transcribed_pseudogene,,,,,,,,,,,
XKRY,XKRYP1,+,pseudogene,RefSeq/Liftoff,XKRY,XKRYP1,+,pseudogene,RefSeq/Liftoff,,,pseudogene,Same,chrY,19415064,19415555,XKRYP1,+,unprocessed_pseudogene,,chrY,19414299,19416095,XKRYP1,+,pseudogene,,,,,,,,,,,
XKRY,XKRYP2,-,pseudogene,RefSeq/Liftoff,XKRY,XKRYP2,-,pseudogene,RefSeq/Liftoff,,,pseudogene,Same,chrY,19717805,19718296,XKRYP2,-,unprocessed_pseudogene,,chrY,19717265,19719061,XKRYP2,-,pseudogene,,,,,,,,,,,
XKRY,XKRYP4,+,pseudogene,RefSeq/Liftoff,XKRY,XKRYP4,+,pseudogene,RefSeq/Liftoff,1,1,pseudogene,Different Gene Names,chrY,24944843,24945325,XKRYP5,+,unprocessed_pseudogene,,chrY,24944072,24945870,XKRYP4,+,pseudogene,,,,,,,,,,,
XKRY,XKRYP6,+,pseudogene,RefSeq/Liftoff,XKRY,XKRYP6,+,pseudogene,RefSeq/Liftoff,,,pseudogene,Same,chrY,25135764,25146648,XKRYP6,+,unprocessed_pseudogene,,chrY,25145086,25146883,XKRYP6,+,pseudogene,,,,,,,,,,,
XKRY,XKRYP5,+,pseudogene,RefSeq/Liftoff,XKRY,XKRYP5,+,pseudogene,RefSeq/Liftoff,,,pseudogene,Same,chrY,26564788,26565270,XKRYP5,+,unprocessed_pseudogene,,chrY,26564017,26565815,XKRYP5,+,pseudogene,,,,,,,,,,,
XKRY,XKRYP3,+,pseudogene,RefSeq/Liftoff,XKRY,XKRYP3,+,pseudogene,RefSeq/Liftoff,,,pseudogene,Same,chrY,26755713,26766599,XKRYP3,+,unprocessed_pseudogene,,chrY,26765036,26766834,XKRYP3,+,pseudogene,,,,,,,,,,,
,,,,,,,,,,,,,,,,,,,,,,,,,,,,,,,,,,,,,
,,,,,,,,,,,,,,,,,,,,,,,,,,,,,,,,,,,,,
,,,,,,,,,,,,,,,,,,,,,,,,,,,,,,,,,,,,,
,,,,,,,,,,,,,,,,,,,,,,,,,,,,,,,,,,,,,
,,,,,,,,,,,,,,,,,,,,,,,,,,,,,,,,,,,,,
,,,,,,,,,,,,,,,,,,,,,,,,,,,,,,,,,,,,,
,,,,,,,,,,,,,,,,,,,,,,,,,,,,,,,,,,,,,
,,,,,,,,,,,,,,,,,,,,,,,,,,,,,,,,,,,,,
,,,,,,,,,,,,,,,,,,,,,,,,,,,,,,,,,,,,,
,,,,,,,,,,,,,,,,,,,,,,,,,,,,,,,,,,,,,
,,,,,,,,,,,,,,,,,,,,,,,,,,,,,,,,,,,,,
,,,,,,,,,,,,,,,,,,,,,,,,,,,,,,,,,,,,,
,,,,,,,,,,,,,,,,,,,,,,,,,,,,,,,,,,,,,
,,,,,,,,,,,,,,,,,,,,,,,,,,,,,,,,,,,,,
,,,,,,,,,,,,,,,,,,,,,,,,,,,,,,,,,,,,,
,,,,,,,,,,,,,,,,,,,,,,,,,,,,,,,,,,,,,
,,,,,,,,,,,,,,,,,,,,,,,,,,,,,,,,,,,,,
,,,,,,,,,,,,,,,,,,,,,,,,,,,,,,,,,,,,,
,,,,,,,,,,,,,,,,,,,,,,,,,,,,,,,,,,,,,
,,,,,,,,,,,,,,,,,,,,,,,,,,,,,,,,,,,,,
,,,,,,,,,,,,,,,,,,,,,,,,,,,,,,,,,,,,,
,,,,,,,,,,,,,,,,,,,,,,,,,,,,,,,,,,,,,
,,,,,,,,,,,,,,,,,,,,,,,,,,,,,,,,,,,,,
,,,,,,,,,,,,,,,,,,,,,,,,,,,,,,,,,,,,,
,,,,,,,,,,,,,,,,,,,,,,,,,,,,,,,,,,,,,
,,,,,,,,,,,,,,,,,,,,,,,,,,,,,,,,,,,,,
,,,,,,,,,,,,,,,,,,,,,,,,,,,,,,,,,,,,,
,,,,,,,,,,,,,,,,,,,,,,,,,,,,,,,,,,,,,
,,,,,,,,,,,,,,,,,,,,,,,,,,,,,,,,,,,,,
,,,,,,,,,,,,,,,,,,,,,,,,,,,,,,,,,,,,,
,,,,,,,,,,,,,,,,,,,,,,,,,,,,,,,,,,,,,
,,,,,,,,,,,,,,,,,,,,,,,,,,,,,,,,,,,,,
,,,,,,,,,,,,,,,,,,,,,,,,,,,,,,,,,,,,,
,,,,,,,,,,,,,,,,,,,,,,,,,,,,,,,,,,,,,
,,,,,,,,,,,,,,,,,,,,,,,,,,,,,,,,,,,,,
,,,,,,,,,,,,,,,,,,,,,,,,,,,,,,,,,,,,,
,,,,,,,,,,,,,,,,,,,,,,,,,,,,,,,,,,,,,
,,,,,,,,,,,,,,,,,,,,,,,,,,,,,,,,,,,,,
,,,,,,,,,,,,,,,,,,,,,,,,,,,,,,,,,,,,,
,,,,,,,,,,,,,,,,,,,,,,,,,,,,,,,,,,,,,
,,,,,,,,,,,,,,,,,,,,,,,,,,,,,,,,,,,,,
,,,,,,,,,,,,,,,,,,,,,,,,,,,,,,,,,,,,,
,,,,,,,,,,,,,,,,,,,,,,,,,,,,,,,,,,,,,
,,,,,,,,,,,,,,,,,,,,,,,,,,,,,,,,,,,,,
,,,,,,,,,,,,,,,,,,,,,,,,,,,,,,,,,,,,,
,,,,,,,,,,,,,,,,,,,,,,,,,,,,,,,,,,,,,
,,,,,,,,,,,,,,,,,,,,,,,,,,,,,,,,,,,,,
,,,,,,,,,,,,,,,,,,,,,,,,,,,,,,,,,,,,,
,,,,,,,,,,,,,,,,,,,,,,,,,,,,,,,,,,,,,
,,,,,,,,,,,,,,,,,,,,,,,,,,,,,,,,,,,,,
,,,,,,,,,,,,,,,,,,,,,,,,,,,,,,,,,,,,,
,,,,,,,,,,,,,,,,,,,,,,,,,,,,,,,,,,,,,
,,,,,,,,,,,,,,,,,,,,,,,,,,,,,,,,,,,,,
,,,,,,,,,,,,,,,,,,,,,,,,,,,,,,,,,,,,,
,,,,,,,,,,,,,,,,,,,,,,,,,,,,,,,,,,,,,
,,,,,,,,,,,,,,,,,,,,,,,,,,,,,,,,,,,,,
,,,,,,,,,,,,,,,,,,,,,,,,,,,,,,,,,,,,,
,,,,,,,,,,,,,,,,,,,,,,,,,,,,,,,,,,,,,
,,,,,,,,,,,,,,,,,,,,,,,,,,,,,,,,,,,,,
,,,,,,,,,,,,,,,,,,,,,,,,,,,,,,,,,,,,,
,,,,,,,,,,,,,,,,,,,,,,,,,,,,,,,,,,,,,
,,,,,,,,,,,,,,,,,,,,,,,,,,,,,,,,,,,,,
,,,,,,,,,,,,,,,,,,,,,,,,,,,,,,,,,,,,,
,,,,,,,,,,,,,,,,,,,,,,,,,,,,,,,,,,,,,
,,,,,,,,,,,,,,,,,,,,,,,,,,,,,,,,,,,,,
,,,,,,,,,,,,,,,,,,,,,,,,,,,,,,,,,,,,,
,,,,,,,,,,,,,,,,,,,,,,,,,,,,,,,,,,,,,
,,,,,,,,,,,,,,,,,,,,,,,,,,,,,,,,,,,,,
,,,,,,,,,,,,,,,,,,,,,,,,,,,,,,,,,,,,,
,,,,,,,,,,,,,,,,,,,,,,,,,,,,,,,,,,,,,
,,,,,,,,,,,,,,,,,,,,,,,,,,,,,,,,,,,,,
,,,,,,,,,,,,,,,,,,,,,,,,,,,,,,,,,,,,,
,,,,,,,,,,,,,,,,,,,,,,,,,,,,,,,,,,,,,
,,,,,,,,,,,,,,,,,,,,,,,,,,,,,,,,,,,,,
,,,,,,,,,,,,,,,,,,,,,,,,,,,,,,,,,,,,,
,,,,,,,,,,,,,,,,,,,,,,,,,,,,,,,,,,,,,
,,,,,,,,,,,,,,,,,,,,,,,,,,,,,,,,,,,,,
,,,,,,,,,,,,,,,,,,,,,,,,,,,,,,,,,,,,,
,,,,,,,,,,,,,,,,,,,,,,,,,,,,,,,,,,,,,
,,,,,,,,,,,,,,,,,,,,,,,,,,,,,,,,,,,,,
,,,,,,,,,,,,,,,,,,,,,,,,,,,,,,,,,,,,,
,,,,,,,,,,,,,,,,,,,,,,,,,,,,,,,,,,,,,
,,,,,,,,,,,,,,,,,,,,,,,,,,,,,,,,,,,,,
,,,,,,,,,,,,,,,,,,,,,,,,,,,,,,,,,,,,,
,,,,,,,,,,,,,,,,,,,,,,,,,,,,,,,,,,,,,
,,,,,,,,,,,,,,,,,,,,,,,,,,,,,,,,,,,,,
,,,,,,,,,,,,,,,,,,,,,,,,,,,,,,,,,,,,,
,,,,,,,,,,,,,,,,,,,,,,,,,,,,,,,,,,,,,
,,,,,,,,,,,,,,,,,,,,,,,,,,,,,,,,,,,,,
,,,,,,,,,,,,,,,,,,,,,,,,,,,,,,,,,,,,,
,,,,,,,,,,,,,,,,,,,,,,,,,,,,,,,,,,,,,
,,,,,,,,,,,,,,,,,,,,,,,,,,,,,,,,,,,,,
,,,,,,,,,,,,,,,,,,,,,,,,,,,,,,,,,,,,,
,,,,,,,,,,,,,,,,,,,,,,,,,,,,,,,,,,,,,
,,,,,,,,,,,,,,,,,,,,,,,,,,,,,,,,,,,,,
,,,,,,,,,,,,,,,,,,,,,,,,,,,,,,,,,,,,,
,,,,,,,,,,,,,,,,,,,,,,,,,,,,,,,,,,,,,
,,,,,,,,,,,,,,,,,,,,,,,,,,,,,,,,,,,,,
,,,,,,,,,,,,,,,,,,,,,,,,,,,,,,,,,,,,,
,,,,,,,,,,,,,,,,,,,,,,,,,,,,,,,,,,,,,
,,,,,,,,,,,,,,,,,,,,,,,,,,,,,,,,,,,,,
,,,,,,,,,,,,,,,,,,,,,,,,,,,,,,,,,,,,,
,,,,,,,,,,,,,,,,,,,,,,,,,,,,,,,,,,,,,
,,,,,,,,,,,,,,,,,,,,,,,,,,,,,,,,,,,,,
,,,,,,,,,,,,,,,,,,,,,,,,,,,,,,,,,,,,,
,,,,,,,,,,,,,,,,,,,,,,,,,,,,,,,,,,,,,
,,,,,,,,,,,,,,,,,,,,,,,,,,,,,,,,,,,,,
,,,,,,,,,,,,,,,,,,,,,,,,,,,,,,,,,,,,,
,,,,,,,,,,,,,,,,,,,,,,,,,,,,,,,,,,,,,
,,,,,,,,,,,,,,,,,,,,,,,,,,,,,,,,,,,,,
,,,,,,,,,,,,,,,,,,,,,,,,,,,,,,,,,,,,,
,,,,,,,,,,,,,,,,,,,,,,,,,,,,,,,,,,,,,
,,,,,,,,,,,,,,,,,,,,,,,,,,,,,,,,,,,,,
,,,,,,,,,,,,,,,,,,,,,,,,,,,,,,,,,,,,,
,,,,,,,,,,,,,,,,,,,,,,,,,,,,,,,,,,,,,
,,,,,,,,,,,,,,,,,,,,,,,,,,,,,,,,,,,,,
,,,,,,,,,,,,,,,,,,,,,,,,,,,,,,,,,,,,,
,,,,,,,,,,,,,,,,,,,,,,,,,,,,,,,,,,,,,
,,,,,,,,,,,,,,,,,,,,,,,,,,,,,,,,,,,,,
,,,,,,,,,,,,,,,,,,,,,,,,,,,,,,,,,,,,,
,,,,,,,,,,,,,,,,,,,,,,,,,,,,,,,,,,,,,
,,,,,,,,,,,,,,,,,,,,,,,,,,,,,,,,,,,,,
,,,,,,,,,,,,,,,,,,,,,,,,,,,,,,,,,,,,,
,,,,,,,,,,,,,,,,,,,,,,,,,,,,,,,,,,,,,
,,,,,,,,,,,,,,,,,,,,,,,,,,,,,,,,,,,,,
,,,,,,,,,,,,,,,,,,,,,,,,,,,,,,,,,,,,,
,,,,,,,,,,,,,,,,,,,,,,,,,,,,,,,,,,,,,
,,,,,,,,,,,,,,,,,,,,,,,,,,,,,,,,,,,,,
,,,,,,,,,,,,,,,,,,,,,,,,,,,,,,,,,,,,,
,,,,,,,,,,,,,,,,,,,,,,,,,,,,,,,,,,,,,
,,,,,,,,,,,,,,,,,,,,,,,,,,,,,,,,,,,,,
,,,,,,,,,,,,,,,,,,,,,,,,,,,,,,,,,,,,,
,,,,,,,,,,,,,,,,,,,,,,,,,,,,,,,,,,,,,
,,,,,,,,,,,,,,,,,,,,,,,,,,,,,,,,,,,,,
,,,,,,,,,,,,,,,,,,,,,,,,,,,,,,,,,,,,,
,,,,,,,,,,,,,,,,,,,,,,,,,,,,,,,,,,,,,
,,,,,,,,,,,,,,,,,,,,,,,,,,,,,,,,,,,,,
,,,,,,,,,,,,,,,,,,,,,,,,,,,,,,,,,,,,,
,,,,,,,,,,,,,,,,,,,,,,,,,,,,,,,,,,,,,
,,,,,,,,,,,,,,,,,,,,,,,,,,,,,,,,,,,,,
,,,,,,,,,,,,,,,,,,,,,,,,,,,,,,,,,,,,,
,,,,,,,,,,,,,,,,,,,,,,,,,,,,,,,,,,,,,
,,,,,,,,,,,,,,,,,,,,,,,,,,,,,,,,,,,,,
,,,,,,,,,,,,,,,,,,,,,,,,,,,,,,,,,,,,,
,,,,,,,,,,,,,,,,,,,,,,,,,,,,,,,,,,,,,
,,,,,,,,,,,,,,,,,,,,,,,,,,,,,,,,,,,,,
,,,,,,,,,,,,,,,,,,,,,,,,,,,,,,,,,,,,,
,,,,,,,,,,,,,,,,,,,,,,,,,,,,,,,,,,,,,
,,,,,,,,,,,,,,,,,,,,,,,,,,,,,,,,,,,,,
,,,,,,,,,,,,,,,,,,,,,,,,,,,,,,,,,,,,,
,,,,,,,,,,,,,,,,,,,,,,,,,,,,,,,,,,,,,
,,,,,,,,,,,,,,,,,,,,,,,,,,,,,,,,,,,,,
,,,,,,,,,,,,,,,,,,,,,,,,,,,,,,,,,,,,,
,,,,,,,,,,,,,,,,,,,,,,,,,,,,,,,,,,,,,
,,,,,,,,,,,,,,,,,,,,,,,,,,,,,,,,,,,,,
,,,,,,,,,,,,,,,,,,,,,,,,,,,,,,,,,,,,,
,,,,,,,,,,,,,,,,,,,,,,,,,,,,,,,,,,,,,
,,,,,,,,,,,,,,,,,,,,,,,,,,,,,,,,,,,,,
,,,,,,,,,,,,,,,,,,,,,,,,,,,,,,,,,,,,,
,,,,,,,,,,,,,,,,,,,,,,,,,,,,,,,,,,,,,
,,,,,,,,,,,,,,,,,,,,,,,,,,,,,,,,,,,,,
,,,,,,,,,,,,,,,,,,,,,,,,,,,,,,,,,,,,,
,,,,,,,,,,,,,,,,,,,,,,,,,,,,,,,,,,,,,
,,,,,,,,,,,,,,,,,,,,,,,,,,,,,,,,,,,,,
,,,,,,,,,,,,,,,,,,,,,,,,,,,,,,,,,,,,,
,,,,,,,,,,,,,,,,,,,,,,,,,,,,,,,,,,,,,
,,,,,,,,,,,,,,,,,,,,,,,,,,,,,,,,,,,,,
,,,,,,,,,,,,,,,,,,,,,,,,,,,,,,,,,,,,,
,,,,,,,,,,,,,,,,,,,,,,,,,,,,,,,,,,,,,
,,,,,,,,,,,,,,,,,,,,,,,,,,,,,,,,,,,,,
,,,,,,,,,,,,,,,,,,,,,,,,,,,,,,,,,,,,,
,,,,,,,,,,,,,,,,,,,,,,,,,,,,,,,,,,,,,
,,,,,,,,,,,,,,,,,,,,,,,,,,,,,,,,,,,,,
,,,,,,,,,,,,,,,,,,,,,,,,,,,,,,,,,,,,,
,,,,,,,,,,,,,,,,,,,,,,,,,,,,,,,,,,,,,
,,,,,,,,,,,,,,,,,,,,,,,,,,,,,,,,,,,,,
,,,,,,,,,,,,,,,,,,,,,,,,,,,,,,,,,,,,,
,,,,,,,,,,,,,,,,,,,,,,,,,,,,,,,,,,,,,
,,,,,,,,,,,,,,,,,,,,,,,,,,,,,,,,,,,,,
,,,,,,,,,,,,,,,,,,,,,,,,,,,,,,,,,,,,,
,,,,,,,,,,,,,,,,,,,,,,,,,,,,,,,,,,,,,
,,,,,,,,,,,,,,,,,,,,,,,,,,,,,,,,,,,,,
,,,,,,,,,,,,,,,,,,,,,,,,,,,,,,,,,,,,,
,,,,,,,,,,,,,,,,,,,,,,,,,,,,,,,,,,,,,
,,,,,,,,,,,,,,,,,,,,,,,,,,,,,,,,,,,,,
,,,,,,,,,,,,,,,,,,,,,,,,,,,,,,,,,,,,,
,,,,,,,,,,,,,,,,,,,,,,,,,,,,,,,,,,,,,
,,,,,,,,,,,,,,,,,,,,,,,,,,,,,,,,,,,,,
,,,,,,,,,,,,,,,,,,,,,,,,,,,,,,,,,,,,,
,,,,,,,,,,,,,,,,,,,,,,,,,,,,,,,,,,,,,
,,,,,,,,,,,,,,,,,,,,,,,,,,,,,,,,,,,,,
,,,,,,,,,,,,,,,,,,,,,,,,,,,,,,,,,,,,,
,,,,,,,,,,,,,,,,,,,,,,,,,,,,,,,,,,,,,
,,,,,,,,,,,,,,,,,,,,,,,,,,,,,,,,,,,,,
,,,,,,,,,,,,,,,,,,,,,,,,,,,,,,,,,,,,,
,,,,,,,,,,,,,,,,,,,,,,,,,,,,,,,,,,,,,
,,,,,,,,,,,,,,,,,,,,,,,,,,,,,,,,,,,,,
,,,,,,,,,,,,,,,,,,,,,,,,,,,,,,,,,,,,,
,,,,,,,,,,,,,,,,,,,,,,,,,,,,,,,,,,,,,
,,,,,,,,,,,,,,,,,,,,,,,,,,,,,,,,,,,,,
,,,,,,,,,,,,,,,,,,,,,,,,,,,,,,,,,,,,,
,,,,,,,,,,,,,,,,,,,,,,,,,,,,,,,,,,,,,
,,,,,,,,,,,,,,,,,,,,,,,,,,,,,,,,,,,,,
,,,,,,,,,,,,,,,,,,,,,,,,,,,,,,,,,,,,,
,,,,,,,,,,,,,,,,,,,,,,,,,,,,,,,,,,,,,
,,,,,,,,,,,,,,,,,,,,,,,,,,,,,,,,,,,,,
,,,,,,,,,,,,,,,,,,,,,,,,,,,,,,,,,,,,,
,,,,,,,,,,,,,,,,,,,,,,,,,,,,,,,,,,,,,
,,,,,,,,,,,,,,,,,,,,,,,,,,,,,,,,,,,,,
,,,,,,,,,,,,,,,,,,,,,,,,,,,,,,,,,,,,,
,,,,,,,,,,,,,,,,,,,,,,,,,,,,,,,,,,,,,
,,,,,,,,,,,,,,,,,,,,,,,,,,,,,,,,,,,,,
,,,,,,,,,,,,,,,,,,,,,,,,,,,,,,,,,,,,,
,,,,,,,,,,,,,,,,,,,,,,,,,,,,,,,,,,,,,
,,,,,,,,,,,,,,,,,,,,,,,,,,,,,,,,,,,,,
,,,,,,,,,,,,,,,,,,,,,,,,,,,,,,,,,,,,,
,,,,,,,,,,,,,,,,,,,,,,,,,,,,,,,,,,,,,
,,,,,,,,,,,,,,,,,,,,,,,,,,,,,,,,,,,,,
,,,,,,,,,,,,,,,,,,,,,,,,,,,,,,,,,,,,,
,,,,,,,,,,,,,,,,,,,,,,,,,,,,,,,,,,,,,
,,,,,,,,,,,,,,,,,,,,,,,,,,,,,,,,,,,,,
,,,,,,,,,,,,,,,,,,,,,,,,,,,,,,,,,,,,,
,,,,,,,,,,,,,,,,,,,,,,,,,,,,,,,,,,,,,
,,,,,,,,,,,,,,,,,,,,,,,,,,,,,,,,,,,,,
,,,,,,,,,,,,,,,,,,,,,,,,,,,,,,,,,,,,,
,,,,,,,,,,,,,,,,,,,,,,,,,,,,,,,,,,,,,
,,,,,,,,,,,,,,,,,,,,,,,,,,,,,,,,,,,,,
,,,,,,,,,,,,,,,,,,,,,,,,,,,,,,,,,,,,,
,,,,,,,,,,,,,,,,,,,,,,,,,,,,,,,,,,,,,
,,,,,,,,,,,,,,,,,,,,,,,,,,,,,,,,,,,,,
,,,,,,,,,,,,,,,,,,,,,,,,,,,,,,,,,,,,,
,,,,,,,,,,,,,,,,,,,,,,,,,,,,,,,,,,,,,
,,,,,,,,,,,,,,,,,,,,,,,,,,,,,,,,,,,,,
,,,,,,,,,,,,,,,,,,,,,,,,,,,,,,,,,,,,,
,,,,,,,,,,,,,,,,,,,,,,,,,,,,,,,,,,,,,
,,,,,,,,,,,,,,,,,,,,,,,,,,,,,,,,,,,,,
,,,,,,,,,,,,,,,,,,,,,,,,,,,,,,,,,,,,,
,,,,,,,,,,,,,,,,,,,,,,,,,,,,,,,,,,,,,
,,,,,,,,,,,,,,,,,,,,,,,,,,,,,,,,,,,,,
,,,,,,,,,,,,,,,,,,,,,,,,,,,,,,,,,,,,,
,,,,,,,,,,,,,,,,,,,,,,,,,,,,,,,,,,,,,
,,,,,,,,,,,,,,,,,,,,,,,,,,,,,,,,,,,,,
,,,,,,,,,,,,,,,,,,,,,,,,,,,,,,,,,,,,,
,,,,,,,,,,,,,,,,,,,,,,,,,,,,,,,,,,,,,
,,,,,,,,,,,,,,,,,,,,,,,,,,,,,,,,,,,,,
,,,,,,,,,,,,,,,,,,,,,,,,,,,,,,,,,,,,,
,,,,,,,,,,,,,,,,,,,,,,,,,,,,,,,,,,,,,
,,,,,,,,,,,,,,,,,,,,,,,,,,,,,,,,,,,,,
,,,,,,,,,,,,,,,,,,,,,,,,,,,,,,,,,,,,,
,,,,,,,,,,,,,,,,,,,,,,,,,,,,,,,,,,,,,
,,,,,,,,,,,,,,,,,,,,,,,,,,,,,,,,,,,,,
,,,,,,,,,,,,,,,,,,,,,,,,,,,,,,,,,,,,,
,,,,,,,,,,,,,,,,,,,,,,,,,,,,,,,,,,,,,
,,,,,,,,,,,,,,,,,,,,,,,,,,,,,,,,,,,,,
,,,,,,,,,,,,,,,,,,,,,,,,,,,,,,,,,,,,,
,,,,,,,,,,,,,,,,,,,,,,,,,,,,,,,,,,,,,
,,,,,,,,,,,,,,,,,,,,,,,,,,,,,,,,,,,,,
,,,,,,,,,,,,,,,,,,,,,,,,,,,,,,,,,,,,,
,,,,,,,,,,,,,,,,,,,,,,,,,,,,,,,,,,,,,
,,,,,,,,,,,,,,,,,,,,,,,,,,,,,,,,,,,,,
,,,,,,,,,,,,,,,,,,,,,,,,,,,,,,,,,,,,,
,,,,,,,,,,,,,,,,,,,,,,,,,,,,,,,,,,,,,
,,,,,,,,,,,,,,,,,,,,,,,,,,,,,,,,,,,,,
,,,,,,,,,,,,,,,,,,,,,,,,,,,,,,,,,,,,,
,,,,,,,,,,,,,,,,,,,,,,,,,,,,,,,,,,,,,
,,,,,,,,,,,,,,,,,,,,,,,,,,,,,,,,,,,,,
,,,,,,,,,,,,,,,,,,,,,,,,,,,,,,,,,,,,,
,,,,,,,,,,,,,,,,,,,,,,,,,,,,,,,,,,,,,
,,,,,,,,,,,,,,,,,,,,,,,,,,,,,,,,,,,,,
,,,,,,,,,,,,,,,,,,,,,,,,,,,,,,,,,,,,,
,,,,,,,,,,,,,,,,,,,,,,,,,,,,,,,,,,,,,
,,,,,,,,,,,,,,,,,,,,,,,,,,,,,,,,,,,,,
,,,,,,,,,,,,,,,,,,,,,,,,,,,,,,,,,,,,,
,,,,,,,,,,,,,,,,,,,,,,,,,,,,,,,,,,,,,
,,,,,,,,,,,,,,,,,,,,,,,,,,,,,,,,,,,,,
,,,,,,,,,,,,,,,,,,,,,,,,,,,,,,,,,,,,,
,,,,,,,,,,,,,,,,,,,,,,,,,,,,,,,,,,,,,
,,,,,,,,,,,,,,,,,,,,,,,,,,,,,,,,,,,,,
,,,,,,,,,,,,,,,,,,,,,,,,,,,,,,,,,,,,,
,,,,,,,,,,,,,,,,,,,,,,,,,,,,,,,,,,,,,
,,,,,,,,,,,,,,,,,,,,,,,,,,,,,,,,,,,,,
,,,,,,,,,,,,,,,,,,,,,,,,,,,,,,,,,,,,,
,,,,,,,,,,,,,,,,,,,,,,,,,,,,,,,,,,,,,
,,,,,,,,,,,,,,,,,,,,,,,,,,,,,,,,,,,,,
,,,,,,,,,,,,,,,,,,,,,,,,,,,,,,,,,,,,,
,,,,,,,,,,,,,,,,,,,,,,,,,,,,,,,,,,,,,
,,,,,,,,,,,,,,,,,,,,,,,,,,,,,,,,,,,,,
,,,,,,,,,,,,,,,,,,,,,,,,,,,,,,,,,,,,,
,,,,,,,,,,,,,,,,,,,,,,,,,,,,,,,,,,,,,
,,,,,,,,,,,,,,,,,,,,,,,,,,,,,,,,,,,,,
,,,,,,,,,,,,,,,,,,,,,,,,,,,,,,,,,,,,,
,,,,,,,,,,,,,,,,,,,,,,,,,,,,,,,,,,,,,
,,,,,,,,,,,,,,,,,,,,,,,,,,,,,,,,,,,,,
,,,,,,,,,,,,,,,,,,,,,,,,,,,,,,,,,,,,,
,,,,,,,,,,,,,,,,,,,,,,,,,,,,,,,,,,,,,
,,,,,,,,,,,,,,,,,,,,,,,,,,,,,,,,,,,,,
,,,,,,,,,,,,,,,,,,,,,,,,,,,,,,,,,,,,,
,,,,,,,,,,,,,,,,,,,,,,,,,,,,,,,,,,,,,
,,,,,,,,,,,,,,,,,,,,,,,,,,,,,,,,,,,,,
,,,,,,,,,,,,,,,,,,,,,,,,,,,,,,,,,,,,,
,,,,,,,,,,,,,,,,,,,,,,,,,,,,,,,,,,,,,
,,,,,,,,,,,,,,,,,,,,,,,,,,,,,,,,,,,,,
,,,,,,,,,,,,,,,,,,,,,,,,,,,,,,,,,,,,,
,,,,,,,,,,,,,,,,,,,,,,,,,,,,,,,,,,,,,
,,,,,,,,,,,,,,,,,,,,,,,,,,,,,,,,,,,,,
,,,,,,,,,,,,,,,,,,,,,,,,,,,,,,,,,,,,,
,,,,,,,,,,,,,,,,,,,,,,,,,,,,,,,,,,,,,
,,,,,,,,,,,,,,,,,,,,,,,,,,,,,,,,,,,,,
,,,,,,,,,,,,,,,,,,,,,,,,,,,,,,,,,,,,,
,,,,,,,,,,,,,,,,,,,,,,,,,,,,,,,,,,,,,
,,,,,,,,,,,,,,,,,,,,,,,,,,,,,,,,,,,,,
,,,,,,,,,,,,,,,,,,,,,,,,,,,,,,,,,,,,,
,,,,,,,,,,,,,,,,,,,,,,,,,,,,,,,,,,,,,
,,,,,,,,,,,,,,,,,,,,,,,,,,,,,,,,,,,,,
,,,,,,,,,,,,,,,,,,,,,,,,,,,,,,,,,,,,,
,,,,,,,,,,,,,,,,,,,,,,,,,,,,,,,,,,,,,
,,,,,,,,,,,,,,,,,,,,,,,,,,,,,,,,,,,,,
,,,,,,,,,,,,,,,,,,,,,,,,,,,,,,,,,,,,,
,,,,,,,,,,,,,,,,,,,,,,,,,,,,,,,,,,,,,
,,,,,,,,,,,,,,,,,,,,,,,,,,,,,,,,,,,,,
,,,,,,,,,,,,,,,,,,,,,,,,,,,,,,,,,,,,,
,,,,,,,,,,,,,,,,,,,,,,,,,,,,,,,,,,,,,
,,,,,,,,,,,,,,,,,,,,,,,,,,,,,,,,,,,,,
,,,,,,,,,,,,,,,,,,,,,,,,,,,,,,,,,,,,,
,,,,,,,,,,,,,,,,,,,,,,,,,,,,,,,,,,,,,
,,,,,,,,,,,,,,,,,,,,,,,,,,,,,,,,,,,,,
,,,,,,,,,,,,,,,,,,,,,,,,,,,,,,,,,,,,,
,,,,,,,,,,,,,,,,,,,,,,,,,,,,,,,,,,,,,
,,,,,,,,,,,,,,,,,,,,,,,,,,,,,,,,,,,,,
,,,,,,,,,,,,,,,,,,,,,,,,,,,,,,,,,,,,,
,,,,,,,,,,,,,,,,,,,,,,,,,,,,,,,,,,,,,
,,,,,,,,,,,,,,,,,,,,,,,,,,,,,,,,,,,,,
,,,,,,,,,,,,,,,,,,,,,,,,,,,,,,,,,,,,,
,,,,,,,,,,,,,,,,,,,,,,,,,,,,,,,,,,,,,
,,,,,,,,,,,,,,,,,,,,,,,,,,,,,,,,,,,,,
,,,,,,,,,,,,,,,,,,,,,,,,,,,,,,,,,,,,,
,,,,,,,,,,,,,,,,,,,,,,,,,,,,,,,,,,,,,
,,,,,,,,,,,,,,,,,,,,,,,,,,,,,,,,,,,,,
,,,,,,,,,,,,,,,,,,,,,,,,,,,,,,,,,,,,,
,,,,,,,,,,,,,,,,,,,,,,,,,,,,,,,,,,,,,
,,,,,,,,,,,,,,,,,,,,,,,,,,,,,,,,,,,,,
,,,,,,,,,,,,,,,,,,,,,,,,,,,,,,,,,,,,,
,,,,,,,,,,,,,,,,,,,,,,,,,,,,,,,,,,,,,
,,,,,,,,,,,,,,,,,,,,,,,,,,,,,,,,,,,,,
,,,,,,,,,,,,,,,,,,,,,,,,,,,,,,,,,,,,,
,,,,,,,,,,,,,,,,,,,,,,,,,,,,,,,,,,,,,
,,,,,,,,,,,,,,,,,,,,,,,,,,,,,,,,,,,,,
,,,,,,,,,,,,,,,,,,,,,,,,,,,,,,,,,,,,,
,,,,,,,,,,,,,,,,,,,,,,,,,,,,,,,,,,,,,
,,,,,,,,,,,,,,,,,,,,,,,,,,,,,,,,,,,,,
,,,,,,,,,,,,,,,,,,,,,,,,,,,,,,,,,,,,,
,,,,,,,,,,,,,,,,,,,,,,,,,,,,,,,,,,,,,
,,,,,,,,,,,,,,,,,,,,,,,,,,,,,,,,,,,,,
,,,,,,,,,,,,,,,,,,,,,,,,,,,,,,,,,,,,,
,,,,,,,,,,,,,,,,,,,,,,,,,,,,,,,,,,,,,
,,,,,,,,,,,,,,,,,,,,,,,,,,,,,,,,,,,,,
,,,,,,,,,,,,,,,,,,,,,,,,,,,,,,,,,,,,,
,,,,,,,,,,,,,,,,,,,,,,,,,,,,,,,,,,,,,
,,,,,,,,,,,,,,,,,,,,,,,,,,,,,,,,,,,,,
,,,,,,,,,,,,,,,,,,,,,,,,,,,,,,,,,,,,,
,,,,,,,,,,,,,,,,,,,,,,,,,,,,,,,,,,,,,
,,,,,,,,,,,,,,,,,,,,,,,,,,,,,,,,,,,,,
,,,,,,,,,,,,,,,,,,,,,,,,,,,,,,,,,,,,,
,,,,,,,,,,,,,,,,,,,,,,,,,,,,,,,,,,,,,
,,,,,,,,,,,,,,,,,,,,,,,,,,,,,,,,,,,,,
,,,,,,,,,,,,,,,,,,,,,,,,,,,,,,,,,,,,,
,,,,,,,,,,,,,,,,,,,,,,,,,,,,,,,,,,,,,
,,,,,,,,,,,,,,,,,,,,,,,,,,,,,,,,,,,,,
,,,,,,,,,,,,,,,,,,,,,,,,,,,,,,,,,,,,,
,,,,,,,,,,,,,,,,,,,,,,,,,,,,,,,,,,,,,
,,,,,,,,,,,,,,,,,,,,,,,,,,,,,,,,,,,,,
,,,,,,,,,,,,,,,,,,,,,,,,,,,,,,,,,,,,,
,,,,,,,,,,,,,,,,,,,,,,,,,,,,,,,,,,,,,
,,,,,,,,,,,,,,,,,,,,,,,,,,,,,,,,,,,,,
,,,,,,,,,,,,,,,,,,,,,,,,,,,,,,,,,,,,,
,,,,,,,,,,,,,,,,,,,,,,,,,,,,,,,,,,,,,
,,,,,,,,,,,,,,,,,,,,,,,,,,,,,,,,,,,,,
,,,,,,,,,,,,,,,,,,,,,,,,,,,,,,,,,,,,,
,,,,,,,,,,,,,,,,,,,,,,,,,,,,,,,,,,,,,
,,,,,,,,,,,,,,,,,,,,,,,,,,,,,,,,,,,,,
,,,,,,,,,,,,,,,,,,,,,,,,,,,,,,,,,,,,,
,,,,,,,,,,,,,,,,,,,,,,,,,,,,,,,,,,,,,
,,,,,,,,,,,,,,,,,,,,,,,,,,,,,,,,,,,,,
,,,,,,,,,,,,,,,,,,,,,,,,,,,,,,,,,,,,,
,,,,,,,,,,,,,,,,,,,,,,,,,,,,,,,,,,,,,
,,,,,,,,,,,,,,,,,,,,,,,,,,,,,,,,,,,,,
,,,,,,,,,,,,,,,,,,,,,,,,,,,,,,,,,,,,,
,,,,,,,,,,,,,,,,,,,,,,,,,,,,,,,,,,,,,
,,,,,,,,,,,,,,,,,,,,,,,,,,,,,,,,,,,,,
,,,,,,,,,,,,,,,,,,,,,,,,,,,,,,,,,,,,,
,,,,,,,,,,,,,,,,,,,,,,,,,,,,,,,,,,,,,
,,,,,,,,,,,,,,,,,,,,,,,,,,,,,,,,,,,,,
,,,,,,,,,,,,,,,,,,,,,,,,,,,,,,,,,,,,,
,,,,,,,,,,,,,,,,,,,,,,,,,,,,,,,,,,,,,
,,,,,,,,,,,,,,,,,,,,,,,,,,,,,,,,,,,,,
,,,,,,,,,,,,,,,,,,,,,,,,,,,,,,,,,,,,,
,,,,,,,,,,,,,,,,,,,,,,,,,,,,,,,,,,,,,
,,,,,,,,,,,,,,,,,,,,,,,,,,,,,,,,,,,,,
,,,,,,,,,,,,,,,,,,,,,,,,,,,,,,,,,,,,,
,,,,,,,,,,,,,,,,,,,,,,,,,,,,,,,,,,,,,
,,,,,,,,,,,,,,,,,,,,,,,,,,,,,,,,,,,,,
,,,,,,,,,,,,,,,,,,,,,,,,,,,,,,,,,,,,,
,,,,,,,,,,,,,,,,,,,,,,,,,,,,,,,,,,,,,
,,,,,,,,,,,,,,,,,,,,,,,,,,,,,,,,,,,,,
,,,,,,,,,,,,,,,,,,,,,,,,,,,,,,,,,,,,,
,,,,,,,,,,,,,,,,,,,,,,,,,,,,,,,,,,,,,
,,,,,,,,,,,,,,,,,,,,,,,,,,,,,,,,,,,,,
,,,,,,,,,,,,,,,,,,,,,,,,,,,,,,,,,,,,,
,,,,,,,,,,,,,,,,,,,,,,,,,,,,,,,,,,,,,
,,,,,,,,,,,,,,,,,,,,,,,,,,,,,,,,,,,,,
,,,,,,,,,,,,,,,,,,,,,,,,,,,,,,,,,,,,,
,,,,,,,,,,,,,,,,,,,,,,,,,,,,,,,,,,,,,
,,,,,,,,,,,,,,,,,,,,,,,,,,,,,,,,,,,,,
,,,,,,,,,,,,,,,,,,,,,,,,,,,,,,,,,,,,,
,,,,,,,,,,,,,,,,,,,,,,,,,,,,,,,,,,,,,
,,,,,,,,,,,,,,,,,,,,,,,,,,,,,,,,,,,,,
,,,,,,,,,,,,,,,,,,,,,,,,,,,,,,,,,,,,,
,,,,,,,,,,,,,,,,,,,,,,,,,,,,,,,,,,,,,
,,,,,,,,,,,,,,,,,,,,,,,,,,,,,,,,,,,,,
,,,,,,,,,,,,,,,,,,,,,,,,,,,,,,,,,,,,,
,,,,,,,,,,,,,,,,,,,,,,,,,,,,,,,,,,,,,
,,,,,,,,,,,,,,,,,,,,,,,,,,,,,,,,,,,,,
,,,,,,,,,,,,,,,,,,,,,,,,,,,,,,,,,,,,,
,,,,,,,,,,,,,,,,,,,,,,,,,,,,,,,,,,,,,
,,,,,,,,,,,,,,,,,,,,,,,,,,,,,,,,,,,,,
,,,,,,,,,,,,,,,,,,,,,,,,,,,,,,,,,,,,,
,,,,,,,,,,,,,,,,,,,,,,,,,,,,,,,,,,,,,
,,,,,,,,,,,,,,,,,,,,,,,,,,,,,,,,,,,,,
,,,,,,,,,,,,,,,,,,,,,,,,,,,,,,,,,,,,,
,,,,,,,,,,,,,,,,,,,,,,,,,,,,,,,,,,,,,
,,,,,,,,,,,,,,,,,,,,,,,,,,,,,,,,,,,,,
,,,,,,,,,,,,,,,,,,,,,,,,,,,,,,,,,,,,,
,,,,,,,,,,,,,,,,,,,,,,,,,,,,,,,,,,,,,
,,,,,,,,,,,,,,,,,,,,,,,,,,,,,,,,,,,,,
,,,,,,,,,,,,,,,,,,,,,,,,,,,,,,,,,,,,,
,,,,,,,,,,,,,,,,,,,,,,,,,,,,,,,,,,,,,
,,,,,,,,,,,,,,,,,,,,,,,,,,,,,,,,,,,,,
,,,,,,,,,,,,,,,,,,,,,,,,,,,,,,,,,,,,,
,,,,,,,,,,,,,,,,,,,,,,,,,,,,,,,,,,,,,
,,,,,,,,,,,,,,,,,,,,,,,,,,,,,,,,,,,,,
,,,,,,,,,,,,,,,,,,,,,,,,,,,,,,,,,,,,,
,,,,,,,,,,,,,,,,,,,,,,,,,,,,,,,,,,,,,
,,,,,,,,,,,,,,,,,,,,,,,,,,,,,,,,,,,,,
,,,,,,,,,,,,,,,,,,,,,,,,,,,,,,,,,,,,,
,,,,,,,,,,,,,,,,,,,,,,,,,,,,,,,,,,,,,
,,,,,,,,,,,,,,,,,,,,,,,,,,,,,,,,,,,,,
,,,,,,,,,,,,,,,,,,,,,,,,,,,,,,,,,,,,,
,,,,,,,,,,,,,,,,,,,,,,,,,,,,,,,,,,,,,
,,,,,,,,,,,,,,,,,,,,,,,,,,,,,,,,,,,,,
,,,,,,,,,,,,,,,,,,,,,,,,,,,,,,,,,,,,,
,,,,,,,,,,,,,,,,,,,,,,,,,,,,,,,,,,,,,
,,,,,,,,,,,,,,,,,,,,,,,,,,,,,,,,,,,,,
,,,,,,,,,,,,,,,,,,,,,,,,,,,,,,,,,,,,,
,,,,,,,,,,,,,,,,,,,,,,,,,,,,,,,,,,,,,
,,,,,,,,,,,,,,,,,,,,,,,,,,,,,,,,,,,,,
,,,,,,,,,,,,,,,,,,,,,,,,,,,,,,,,,,,,,
,,,,,,,,,,,,,,,,,,,,,,,,,,,,,,,,,,,,,
,,,,,,,,,,,,,,,,,,,,,,,,,,,,,,,,,,,,,
,,,,,,,,,,,,,,,,,,,,,,,,,,,,,,,,,,,,,
,,,,,,,,,,,,,,,,,,,,,,,,,,,,,,,,,,,,,
,,,,,,,,,,,,,,,,,,,,,,,,,,,,,,,,,,,,,
,,,,,,,,,,,,,,,,,,,,,,,,,,,,,,,,,,,,,
,,,,,,,,,,,,,,,,,,,,,,,,,,,,,,,,,,,,,
,,,,,,,,,,,,,,,,,,,,,,,,,,,,,,,,,,,,,
,,,,,,,,,,,,,,,,,,,,,,,,,,,,,,,,,,,,,
,,,,,,,,,,,,,,,,,,,,,,,,,,,,,,,,,,,,,
,,,,,,,,,,,,,,,,,,,,,,,,,,,,,,,,,,,,,
,,,,,,,,,,,,,,,,,,,,,,,,,,,,,,,,,,,,,
,,,,,,,,,,,,,,,,,,,,,,,,,,,,,,,,,,,,,
,,,,,,,,,,,,,,,,,,,,,,,,,,,,,,,,,,,,,
,,,,,,,,,,,,,,,,,,,,,,,,,,,,,,,,,,,,,
,,,,,,,,,,,,,,,,,,,,,,,,,,,,,,,,,,,,,
,,,,,,,,,,,,,,,,,,,,,,,,,,,,,,,,,,,,,
,,,,,,,,,,,,,,,,,,,,,,,,,,,,,,,,,,,,,
,,,,,,,,,,,,,,,,,,,,,,,,,,,,,,,,,,,,,
,,,,,,,,,,,,,,,,,,,,,,,,,,,,,,,,,,,,,
,,,,,,,,,,,,,,,,,,,,,,,,,,,,,,,,,,,,,
,,,,,,,,,,,,,,,,,,,,,,,,,,,,,,,,,,,,,
,,,,,,,,,,,,,,,,,,,,,,,,,,,,,,,,,,,,,
,,,,,,,,,,,,,,,,,,,,,,,,,,,,,,,,,,,,,
,,,,,,,,,,,,,,,,,,,,,,,,,,,,,,,,,,,,,
,,,,,,,,,,,,,,,,,,,,,,,,,,,,,,,,,,,,,
,,,,,,,,,,,,,,,,,,,,,,,,,,,,,,,,,,,,,
,,,,,,,,,,,,,,,,,,,,,,,,,,,,,,,,,,,,,
,,,,,,,,,,,,,,,,,,,,,,,,,,,,,,,,,,,,,
,,,,,,,,,,,,,,,,,,,,,,,,,,,,,,,,,,,,,
,,,,,,,,,,,,,,,,,,,,,,,,,,,,,,,,,,,,,
,,,,,,,,,,,,,,,,,,,,,,,,,,,,,,,,,,,,,
,,,,,,,,,,,,,,,,,,,,,,,,,,,,,,,,,,,,,
,,,,,,,,,,,,,,,,,,,,,,,,,,,,,,,,,,,,,
,,,,,,,,,,,,,,,,,,,,,,,,,,,,,,,,,,,,,
,,,,,,,,,,,,,,,,,,,,,,,,,,,,,,,,,,,,,
,,,,,,,,,,,,,,,,,,,,,,,,,,,,,,,,,,,,,
,,,,,,,,,,,,,,,,,,,,,,,,,,,,,,,,,,,,,
,,,,,,,,,,,,,,,,,,,,,,,,,,,,,,,,,,,,,
,,,,,,,,,,,,,,,,,,,,,,,,,,,,,,,,,,,,,
,,,,,,,,,,,,,,,,,,,,,,,,,,,,,,,,,,,,,
,,,,,,,,,,,,,,,,,,,,,,,,,,,,,,,,,,,,,
,,,,,,,,,,,,,,,,,,,,,,,,,,,,,,,,,,,,,
,,,,,,,,,,,,,,,,,,,,,,,,,,,,,,,,,,,,,
,,,,,,,,,,,,,,,,,,,,,,,,,,,,,,,,,,,,,
,,,,,,,,,,,,,,,,,,,,,,,,,,,,,,,,,,,,,
,,,,,,,,,,,,,,,,,,,,,,,,,,,,,,,,,,,,,
,,,,,,,,,,,,,,,,,,,,,,,,,,,,,,,,,,,,,
,,,,,,,,,,,,,,,,,,,,,,,,,,,,,,,,,,,,,
,,,,,,,,,,,,,,,,,,,,,,,,,,,,,,,,,,,,,
,,,,,,,,,,,,,,,,,,,,,,,,,,,,,,,,,,,,,
,,,,,,,,,,,,,,,,,,,,,,,,,,,,,,,,,,,,,
,,,,,,,,,,,,,,,,,,,,,,,,,,,,,,,,,,,,,
,,,,,,,,,,,,,,,,,,,,,,,,,,,,,,,,,,,,,
,,,,,,,,,,,,,,,,,,,,,,,,,,,,,,,,,,,,,
,,,,,,,,,,,,,,,,,,,,,,,,,,,,,,,,,,,,,
,,,,,,,,,,,,,,,,,,,,,,,,,,,,,,,,,,,,,
,,,,,,,,,,,,,,,,,,,,,,,,,,,,,,,,,,,,,
,,,,,,,,,,,,,,,,,,,,,,,,,,,,,,,,,,,,,
,,,,,,,,,,,,,,,,,,,,,,,,,,,,,,,,,,,,,
,,,,,,,,,,,,,,,,,,,,,,,,,,,,,,,,,,,,,
,,,,,,,,,,,,,,,,,,,,,,,,,,,,,,,,,,,,,
,,,,,,,,,,,,,,,,,,,,,,,,,,,,,,,,,,,,,
,,,,,,,,,,,,,,,,,,,,,,,,,,,,,,,,,,,,,
,,,,,,,,,,,,,,,,,,,,,,,,,,,,,,,,,,,,,
,,,,,,,,,,,,,,,,,,,,,,,,,,,,,,,,,,,,,
,,,,,,,,,,,,,,,,,,,,,,,,,,,,,,,,,,,,,
,,,,,,,,,,,,,,,,,,,,,,,,,,,,,,,,,,,,,
,,,,,,,,,,,,,,,,,,,,,,,,,,,,,,,,,,,,,
,,,,,,,,,,,,,,,,,,,,,,,,,,,,,,,,,,,,,
,,,,,,,,,,,,,,,,,,,,,,,,,,,,,,,,,,,,,
,,,,,,,,,,,,,,,,,,,,,,,,,,,,,,,,,,,,,
,,,,,,,,,,,,,,,,,,,,,,,,,,,,,,,,,,,,,
,,,,,,,,,,,,,,,,,,,,,,,,,,,,,,,,,,,,,
,,,,,,,,,,,,,,,,,,,,,,,,,,,,,,,,,,,,,
,,,,,,,,,,,,,,,,,,,,,,,,,,,,,,,,,,,,,
,,,,,,,,,,,,,,,,,,,,,,,,,,,,,,,,,,,,,
,,,,,,,,,,,,,,,,,,,,,,,,,,,,,,,,,,,,,
,,,,,,,,,,,,,,,,,,,,,,,,,,,,,,,,,,,,,
,,,,,,,,,,,,,,,,,,,,,,,,,,,,,,,,,,,,,
,,,,,,,,,,,,,,,,,,,,,,,,,,,,,,,,,,,,,
,,,,,,,,,,,,,,,,,,,,,,,,,,,,,,,,,,,,,
,,,,,,,,,,,,,,,,,,,,,,,,,,,,,,,,,,,,,
,,,,,,,,,,,,,,,,,,,,,,,,,,,,,,,,,,,,,
,,,,,,,,,,,,,,,,,,,,,,,,,,,,,,,,,,,,,
,,,,,,,,,,,,,,,,,,,,,,,,,,,,,,,,,,,,,
,,,,,,,,,,,,,,,,,,,,,,,,,,,,,,,,,,,,,
,,,,,,,,,,,,,,,,,,,,,,,,,,,,,,,,,,,,,
,,,,,,,,,,,,,,,,,,,,,,,,,,,,,,,,,,,,,
,,,,,,,,,,,,,,,,,,,,,,,,,,,,,,,,,,,,,
,,,,,,,,,,,,,,,,,,,,,,,,,,,,,,,,,,,,,
,,,,,,,,,,,,,,,,,,,,,,,,,,,,,,,,,,,,,
,,,,,,,,,,,,,,,,,,,,,,,,,,,,,,,,,,,,,
,,,,,,,,,,,,,,,,,,,,,,,,,,,,,,,,,,,,,
,,,,,,,,,,,,,,,,,,,,,,,,,,,,,,,,,,,,,
,,,,,,,,,,,,,,,,,,,,,,,,,,,,,,,,,,,,,
,,,,,,,,,,,,,,,,,,,,,,,,,,,,,,,,,,,,,
,,,,,,,,,,,,,,,,,,,,,,,,,,,,,,,,,,,,,
,,,,,,,,,,,,,,,,,,,,,,,,,,,,,,,,,,,,,
,,,,,,,,,,,,,,,,,,,,,,,,,,,,,,,,,,,,,
,,,,,,,,,,,,,,,,,,,,,,,,,,,,,,,,,,,,,
,,,,,,,,,,,,,,,,,,,,,,,,,,,,,,,,,,,,,
,,,,,,,,,,,,,,,,,,,,,,,,,,,,,,,,,,,,,
,,,,,,,,,,,,,,,,,,,,,,,,,,,,,,,,,,,,,
,,,,,,,,,,,,,,,,,,,,,,,,,,,,,,,,,,,,,
,,,,,,,,,,,,,,,,,,,,,,,,,,,,,,,,,,,,,
,,,,,,,,,,,,,,,,,,,,,,,,,,,,,,,,,,,,,
,,,,,,,,,,,,,,,,,,,,,,,,,,,,,,,,,,,,,
,,,,,,,,,,,,,,,,,,,,,,,,,,,,,,,,,,,,,
,,,,,,,,,,,,,,,,,,,,,,,,,,,,,,,,,,,,,
,,,,,,,,,,,,,,,,,,,,,,,,,,,,,,,,,,,,,
,,,,,,,,,,,,,,,,,,,,,,,,,,,,,,,,,,,,,
,,,,,,,,,,,,,,,,,,,,,,,,,,,,,,,,,,,,,
,,,,,,,,,,,,,,,,,,,,,,,,,,,,,,,,,,,,,
,,,,,,,,,,,,,,,,,,,,,,,,,,,,,,,,,,,,,
,,,,,,,,,,,,,,,,,,,,,,,,,,,,,,,,,,,,,
,,,,,,,,,,,,,,,,,,,,,,,,,,,,,,,,,,,,,
,,,,,,,,,,,,,,,,,,,,,,,,,,,,,,,,,,,,,
,,,,,,,,,,,,,,,,,,,,,,,,,,,,,,,,,,,,,
,,,,,,,,,,,,,,,,,,,,,,,,,,,,,,,,,,,,,
,,,,,,,,,,,,,,,,,,,,,,,,,,,,,,,,,,,,,
,,,,,,,,,,,,,,,,,,,,,,,,,,,,,,,,,,,,,
,,,,,,,,,,,,,,,,,,,,,,,,,,,,,,,,,,,,,
,,,,,,,,,,,,,,,,,,,,,,,,,,,,,,,,,,,,,
,,,,,,,,,,,,,,,,,,,,,,,,,,,,,,,,,,,,,
,,,,,,,,,,,,,,,,,,,,,,,,,,,,,,,,,,,,,
,,,,,,,,,,,,,,,,,,,,,,,,,,,,,,,,,,,,,
,,,,,,,,,,,,,,,,,,,,,,,,,,,,,,,,,,,,,
,,,,,,,,,,,,,,,,,,,,,,,,,,,,,,,,,,,,,
,,,,,,,,,,,,,,,,,,,,,,,,,,,,,,,,,,,,,
,,,,,,,,,,,,,,,,,,,,,,,,,,,,,,,,,,,,,
,,,,,,,,,,,,,,,,,,,,,,,,,,,,,,,,,,,,,
,,,,,,,,,,,,,,,,,,,,,,,,,,,,,,,,,,,,,
,,,,,,,,,,,,,,,,,,,,,,,,,,,,,,,,,,,,,
,,,,,,,,,,,,,,,,,,,,,,,,,,,,,,,,,,,,,
,,,,,,,,,,,,,,,,,,,,,,,,,,,,,,,,,,,,,
,,,,,,,,,,,,,,,,,,,,,,,,,,,,,,,,,,,,,
,,,,,,,,,,,,,,,,,,,,,,,,,,,,,,,,,,,,,
,,,,,,,,,,,,,,,,,,,,,,,,,,,,,,,,,,,,,
,,,,,,,,,,,,,,,,,,,,,,,,,,,,,,,,,,,,,
,,,,,,,,,,,,,,,,,,,,,,,,,,,,,,,,,,,,,
,,,,,,,,,,,,,,,,,,,,,,,,,,,,,,,,,,,,,
,,,,,,,,,,,,,,,,,,,,,,,,,,,,,,,,,,,,,
,,,,,,,,,,,,,,,,,,,,,,,,,,,,,,,,,,,,,
,,,,,,,,,,,,,,,,,,,,,,,,,,,,,,,,,,,,,
,,,,,,,,,,,,,,,,,,,,,,,,,,,,,,,,,,,,,
,,,,,,,,,,,,,,,,,,,,,,,,,,,,,,,,,,,,,
,,,,,,,,,,,,,,,,,,,,,,,,,,,,,,,,,,,,,
,,,,,,,,,,,,,,,,,,,,,,,,,,,,,,,,,,,,,
,,,,,,,,,,,,,,,,,,,,,,,,,,,,,,,,,,,,,
,,,,,,,,,,,,,,,,,,,,,,,,,,,,,,,,,,,,,
,,,,,,,,,,,,,,,,,,,,,,,,,,,,,,,,,,,,,
,,,,,,,,,,,,,,,,,,,,,,,,,,,,,,,,,,,,,
,,,,,,,,,,,,,,,,,,,,,,,,,,,,,,,,,,,,,
,,,,,,,,,,,,,,,,,,,,,,,,,,,,,,,,,,,,,
,,,,,,,,,,,,,,,,,,,,,,,,,,,,,,,,,,,,,
,,,,,,,,,,,,,,,,,,,,,,,,,,,,,,,,,,,,,
,,,,,,,,,,,,,,,,,,,,,,,,,,,,,,,,,,,,,
,,,,,,,,,,,,,,,,,,,,,,,,,,,,,,,,,,,,,
,,,,,,,,,,,,,,,,,,,,,,,,,,,,,,,,,,,,,
,,,,,,,,,,,,,,,,,,,,,,,,,,,,,,,,,,,,,
,,,,,,,,,,,,,,,,,,,,,,,,,,,,,,,,,,,,,
,,,,,,,,,,,,,,,,,,,,,,,,,,,,,,,,,,,,,
,,,,,,,,,,,,,,,,,,,,,,,,,,,,,,,,,,,,,
,,,,,,,,,,,,,,,,,,,,,,,,,,,,,,,,,,,,,
,,,,,,,,,,,,,,,,,,,,,,,,,,,,,,,,,,,,,
,,,,,,,,,,,,,,,,,,,,,,,,,,,,,,,,,,,,,
,,,,,,,,,,,,,,,,,,,,,,,,,,,,,,,,,,,,,
,,,,,,,,,,,,,,,,,,,,,,,,,,,,,,,,,,,,,
,,,,,,,,,,,,,,,,,,,,,,,,,,,,,,,,,,,,,
,,,,,,,,,,,,,,,,,,,,,,,,,,,,,,,,,,,,,
,,,,,,,,,,,,,,,,,,,,,,,,,,,,,,,,,,,,,
,,,,,,,,,,,,,,,,,,,,,,,,,,,,,,,,,,,,,
,,,,,,,,,,,,,,,,,,,,,,,,,,,,,,,,,,,,,
,,,,,,,,,,,,,,,,,,,,,,,,,,,,,,,,,,,,,
,,,,,,,,,,,,,,,,,,,,,,,,,,,,,,,,,,,,,
,,,,,,,,,,,,,,,,,,,,,,,,,,,,,,,,,,,,,
,,,,,,,,,,,,,,,,,,,,,,,,,,,,,,,,,,,,,
,,,,,,,,,,,,,,,,,,,,,,,,,,,,,,,,,,,,,
,,,,,,,,,,,,,,,,,,,,,,,,,,,,,,,,,,,,,
,,,,,,,,,,,,,,,,,,,,,,,,,,,,,,,,,,,,,
,,,,,,,,,,,,,,,,,,,,,,,,,,,,,,,,,,,,,
,,,,,,,,,,,,,,,,,,,,,,,,,,,,,,,,,,,,,
,,,,,,,,,,,,,,,,,,,,,,,,,,,,,,,,,,,,,
,,,,,,,,,,,,,,,,,,,,,,,,,,,,,,,,,,,,,
,,,,,,,,,,,,,,,,,,,,,,,,,,,,,,,,,,,,,
,,,,,,,,,,,,,,,,,,,,,,,,,,,,,,,,,,,,,
,,,,,,,,,,,,,,,,,,,,,,,,,,,,,,,,,,,,,
,,,,,,,,,,,,,,,,,,,,,,,,,,,,,,,,,,,,,
,,,,,,,,,,,,,,,,,,,,,,,,,,,,,,,,,,,,,
,,,,,,,,,,,,,,,,,,,,,,,,,,,,,,,,,,,,,
,,,,,,,,,,,,,,,,,,,,,,,,,,,,,,,,,,,,,
,,,,,,,,,,,,,,,,,,,,,,,,,,,,,,,,,,,,,
,,,,,,,,,,,,,,,,,,,,,,,,,,,,,,,,,,,,,
,,,,,,,,,,,,,,,,,,,,,,,,,,,,,,,,,,,,,
,,,,,,,,,,,,,,,,,,,,,,,,,,,,,,,,,,,,,
,,,,,,,,,,,,,,,,,,,,,,,,,,,,,,,,,,,,,
,,,,,,,,,,,,,,,,,,,,,,,,,,,,,,,,,,,,,
,,,,,,,,,,,,,,,,,,,,,,,,,,,,,,,,,,,,,
,,,,,,,,,,,,,,,,,,,,,,,,,,,,,,,,,,,,,
,,,,,,,,,,,,,,,,,,,,,,,,,,,,,,,,,,,,,
,,,,,,,,,,,,,,,,,,,,,,,,,,,,,,,,,,,,,
,,,,,,,,,,,,,,,,,,,,,,,,,,,,,,,,,,,,,
,,,,,,,,,,,,,,,,,,,,,,,,,,,,,,,,,,,,,
,,,,,,,,,,,,,,,,,,,,,,,,,,,,,,,,,,,,,
,,,,,,,,,,,,,,,,,,,,,,,,,,,,,,,,,,,,,
,,,,,,,,,,,,,,,,,,,,,,,,,,,,,,,,,,,,,
,,,,,,,,,,,,,,,,,,,,,,,,,,,,,,,,,,,,,
,,,,,,,,,,,,,,,,,,,,,,,,,,,,,,,,,,,,,
,,,,,,,,,,,,,,,,,,,,,,,,,,,,,,,,,,,,,
,,,,,,,,,,,,,,,,,,,,,,,,,,,,,,,,,,,,,
,,,,,,,,,,,,,,,,,,,,,,,,,,,,,,,,,,,,,
,,,,,,,,,,,,,,,,,,,,,,,,,,,,,,,,,,,,,
,,,,,,,,,,,,,,,,,,,,,,,,,,,,,,,,,,,,,
,,,,,,,,,,,,,,,,,,,,,,,,,,,,,,,,,,,,,
,,,,,,,,,,,,,,,,,,,,,,,,,,,,,,,,,,,,,
,,,,,,,,,,,,,,,,,,,,,,,,,,,,,,,,,,,,,
,,,,,,,,,,,,,,,,,,,,,,,,,,,,,,,,,,,,,
,,,,,,,,,,,,,,,,,,,,,,,,,,,,,,,,,,,,,
,,,,,,,,,,,,,,,,,,,,,,,,,,,,,,,,,,,,,
,,,,,,,,,,,,,,,,,,,,,,,,,,,,,,,,,,,,,
,,,,,,,,,,,,,,,,,,,,,,,,,,,,,,,,,,,,,
,,,,,,,,,,,,,,,,,,,,,,,,,,,,,,,,,,,,,
,,,,,,,,,,,,,,,,,,,,,,,,,,,,,,,,,,,,,
,,,,,,,,,,,,,,,,,,,,,,,,,,,,,,,,,,,,,
,,,,,,,,,,,,,,,,,,,,,,,,,,,,,,,,,,,,,
,,,,,,,,,,,,,,,,,,,,,,,,,,,,,,,,,,,,,
,,,,,,,,,,,,,,,,,,,,,,,,,,,,,,,,,,,,,
,,,,,,,,,,,,,,,,,,,,,,,,,,,,,,,,,,,,,
,,,,,,,,,,,,,,,,,,,,,,,,,,,,,,,,,,,,,
,,,,,,,,,,,,,,,,,,,,,,,,,,,,,,,,,,,,,
,,,,,,,,,,,,,,,,,,,,,,,,,,,,,,,,,,,,,
,,,,,,,,,,,,,,,,,,,,,,,,,,,,,,,,,,,,,
,,,,,,,,,,,,,,,,,,,,,,,,,,,,,,,,,,,,,
,,,,,,,,,,,,,,,,,,,,,,,,,,,,,,,,,,,,,
,,,,,,,,,,,,,,,,,,,,,,,,,,,,,,,,,,,,,
,,,,,,,,,,,,,,,,,,,,,,,,,,,,,,,,,,,,,
,,,,,,,,,,,,,,,,,,,,,,,,,,,,,,,,,,,,,
,,,,,,,,,,,,,,,,,,,,,,,,,,,,,,,,,,,,,
,,,,,,,,,,,,,,,,,,,,,,,,,,,,,,,,,,,,,
,,,,,,,,,,,,,,,,,,,,,,,,,,,,,,,,,,,,,
,,,,,,,,,,,,,,,,,,,,,,,,,,,,,,,,,,,,,
,,,,,,,,,,,,,,,,,,,,,,,,,,,,,,,,,,,,,
,,,,,,,,,,,,,,,,,,,,,,,,,,,,,,,,,,,,,
,,,,,,,,,,,,,,,,,,,,,,,,,,,,,,,,,,,,,
,,,,,,,,,,,,,,,,,,,,,,,,,,,,,,,,,,,,,
,,,,,,,,,,,,,,,,,,,,,,,,,,,,,,,,,,,,,
,,,,,,,,,,,,,,,,,,,,,,,,,,,,,,,,,,,,,
,,,,,,,,,,,,,,,,,,,,,,,,,,,,,,,,,,,,,
,,,,,,,,,,,,,,,,,,,,,,,,,,,,,,,,,,,,,
,,,,,,,,,,,,,,,,,,,,,,,,,,,,,,,,,,,,,
,,,,,,,,,,,,,,,,,,,,,,,,,,,,,,,,,,,,,
,,,,,,,,,,,,,,,,,,,,,,,,,,,,,,,,,,,,,
,,,,,,,,,,,,,,,,,,,,,,,,,,,,,,,,,,,,,
,,,,,,,,,,,,,,,,,,,,,,,,,,,,,,,,,,,,,
,,,,,,,,,,,,,,,,,,,,,,,,,,,,,,,,,,,,,
,,,,,,,,,,,,,,,,,,,,,,,,,,,,,,,,,,,,,
,,,,,,,,,,,,,,,,,,,,,,,,,,,,,,,,,,,,,
,,,,,,,,,,,,,,,,,,,,,,,,,,,,,,,,,,,,,
,,,,,,,,,,,,,,,,,,,,,,,,,,,,,,,,,,,,,
,,,,,,,,,,,,,,,,,,,,,,,,,,,,,,,,,,,,,
,,,,,,,,,,,,,,,,,,,,,,,,,,,,,,,,,,,,,
,,,,,,,,,,,,,,,,,,,,,,,,,,,,,,,,,,,,,
,,,,,,,,,,,,,,,,,,,,,,,,,,,,,,,,,,,,,
,,,,,,,,,,,,,,,,,,,,,,,,,,,,,,,,,,,,,
,,,,,,,,,,,,,,,,,,,,,,,,,,,,,,,,,,,,,
,,,,,,,,,,,,,,,,,,,,,,,,,,,,,,,,,,,,,
,,,,,,,,,,,,,,,,,,,,,,,,,,,,,,,,,,,,,
,,,,,,,,,,,,,,,,,,,,,,,,,,,,,,,,,,,,,
,,,,,,,,,,,,,,,,,,,,,,,,,,,,,,,,,,,,,
,,,,,,,,,,,,,,,,,,,,,,,,,,,,,,,,,,,,,
,,,,,,,,,,,,,,,,,,,,,,,,,,,,,,,,,,,,,
,,,,,,,,,,,,,,,,,,,,,,,,,,,,,,,,,,,,,
,,,,,,,,,,,,,,,,,,,,,,,,,,,,,,,,,,,,,
,,,,,,,,,,,,,,,,,,,,,,,,,,,,,,,,,,,,,
,,,,,,,,,,,,,,,,,,,,,,,,,,,,,,,,,,,,,
,,,,,,,,,,,,,,,,,,,,,,,,,,,,,,,,,,,,,
,,,,,,,,,,,,,,,,,,,,,,,,,,,,,,,,,,,,,
,,,,,,,,,,,,,,,,,,,,,,,,,,,,,,,,,,,,,
,,,,,,,,,,,,,,,,,,,,,,,,,,,,,,,,,,,,,
,,,,,,,,,,,,,,,,,,,,,,,,,,,,,,,,,,,,,
,,,,,,,,,,,,,,,,,,,,,,,,,,,,,,,,,,,,,
,,,,,,,,,,,,,,,,,,,,,,,,,,,,,,,,,,,,,
,,,,,,,,,,,,,,,,,,,,,,,,,,,,,,,,,,,,,
,,,,,,,,,,,,,,,,,,,,,,,,,,,,,,,,,,,,,
,,,,,,,,,,,,,,,,,,,,,,,,,,,,,,,,,,,,,
,,,,,,,,,,,,,,,,,,,,,,,,,,,,,,,,,,,,,
,,,,,,,,,,,,,,,,,,,,,,,,,,,,,,,,,,,,,
,,,,,,,,,,,,,,,,,,,,,,,,,,,,,,,,,,,,,
,,,,,,,,,,,,,,,,,,,,,,,,,,,,,,,,,,,,,
,,,,,,,,,,,,,,,,,,,,,,,,,,,,,,,,,,,,,
,,,,,,,,,,,,,,,,,,,,,,,,,,,,,,,,,,,,,
,,,,,,,,,,,,,,,,,,,,,,,,,,,,,,,,,,,,,
,,,,,,,,,,,,,,,,,,,,,,,,,,,,,,,,,,,,,
,,,,,,,,,,,,,,,,,,,,,,,,,,,,,,,,,,,,,
,,,,,,,,,,,,,,,,,,,,,,,,,,,,,,,,,,,,,
,,,,,,,,,,,,,,,,,,,,,,,,,,,,,,,,,,,,,
,,,,,,,,,,,,,,,,,,,,,,,,,,,,,,,,,,,,,
,,,,,,,,,,,,,,,,,,,,,,,,,,,,,,,,,,,,,
,,,,,,,,,,,,,,,,,,,,,,,,,,,,,,,,,,,,,
,,,,,,,,,,,,,,,,,,,,,,,,,,,,,,,,,,,,,
,,,,,,,,,,,,,,,,,,,,,,,,,,,,,,,,,,,,,
,,,,,,,,,,,,,,,,,,,,,,,,,,,,,,,,,,,,,
,,,,,,,,,,,,,,,,,,,,,,,,,,,,,,,,,,,,,
,,,,,,,,,,,,,,,,,,,,,,,,,,,,,,,,,,,,,
,,,,,,,,,,,,,,,,,,,,,,,,,,,,,,,,,,,,,
,,,,,,,,,,,,,,,,,,,,,,,,,,,,,,,,,,,,,
,,,,,,,,,,,,,,,,,,,,,,,,,,,,,,,,,,,,,
,,,,,,,,,,,,,,,,,,,,,,,,,,,,,,,,,,,,,
,,,,,,,,,,,,,,,,,,,,,,,,,,,,,,,,,,,,,
,,,,,,,,,,,,,,,,,,,,,,,,,,,,,,,,,,,,,
,,,,,,,,,,,,,,,,,,,,,,,,,,,,,,,,,,,,,
,,,,,,,,,,,,,,,,,,,,,,,,,,,,,,,,,,,,,
,,,,,,,,,,,,,,,,,,,,,,,,,,,,,,,,,,,,,
,,,,,,,,,,,,,,,,,,,,,,,,,,,,,,,,,,,,,
,,,,,,,,,,,,,,,,,,,,,,,,,,,,,,,,,,,,,
,,,,,,,,,,,,,,,,,,,,,,,,,,,,,,,,,,,,,
,,,,,,,,,,,,,,,,,,,,,,,,,,,,,,,,,,,,,
,,,,,,,,,,,,,,,,,,,,,,,,,,,,,,,,,,,,,
,,,,,,,,,,,,,,,,,,,,,,,,,,,,,,,,,,,,,
,,,,,,,,,,,,,,,,,,,,,,,,,,,,,,,,,,,,,
,,,,,,,,,,,,,,,,,,,,,,,,,,,,,,,,,,,,,
,,,,,,,,,,,,,,,,,,,,,,,,,,,,,,,,,,,,,
,,,,,,,,,,,,,,,,,,,,,,,,,,,,,,,,,,,,,
,,,,,,,,,,,,,,,,,,,,,,,,,,,,,,,,,,,,,
,,,,,,,,,,,,,,,,,,,,,,,,,,,,,,,,,,,,,
,,,,,,,,,,,,,,,,,,,,,,,,,,,,,,,,,,,,,
,,,,,,,,,,,,,,,,,,,,,,,,,,,,,,,,,,,,,
,,,,,,,,,,,,,,,,,,,,,,,,,,,,,,,,,,,,,
,,,,,,,,,,,,,,,,,,,,,,,,,,,,,,,,,,,,,
,,,,,,,,,,,,,,,,,,,,,,,,,,,,,,,,,,,,,
,,,,,,,,,,,,,,,,,,,,,,,,,,,,,,,,,,,,,
,,,,,,,,,,,,,,,,,,,,,,,,,,,,,,,,,,,,,
,,,,,,,,,,,,,,,,,,,,,,,,,,,,,,,,,,,,,
,,,,,,,,,,,,,,,,,,,,,,,,,,,,,,,,,,,,,
,,,,,,,,,,,,,,,,,,,,,,,,,,,,,,,,,,,,,
,,,,,,,,,,,,,,,,,,,,,,,,,,,,,,,,,,,,,
,,,,,,,,,,,,,,,,,,,,,,,,,,,,,,,,,,,,,
,,,,,,,,,,,,,,,,,,,,,,,,,,,,,,,,,,,,,
,,,,,,,,,,,,,,,,,,,,,,,,,,,,,,,,,,,,,
,,,,,,,,,,,,,,,,,,,,,,,,,,,,,,,,,,,,,
,,,,,,,,,,,,,,,,,,,,,,,,,,,,,,,,,,,,,
,,,,,,,,,,,,,,,,,,,,,,,,,,,,,,,,,,,,,
,,,,,,,,,,,,,,,,,,,,,,,,,,,,,,,,,,,,,
,,,,,,,,,,,,,,,,,,,,,,,,,,,,,,,,,,,,,
,,,,,,,,,,,,,,,,,,,,,,,,,,,,,,,,,,,,,
,,,,,,,,,,,,,,,,,,,,,,,,,,,,,,,,,,,,,
,,,,,,,,,,,,,,,,,,,,,,,,,,,,,,,,,,,,,
,,,,,,,,,,,,,,,,,,,,,,,,,,,,,,,,,,,,,
,,,,,,,,,,,,,,,,,,,,,,,,,,,,,,,,,,,,,
,,,,,,,,,,,,,,,,,,,,,,,,,,,,,,,,,,,,,
,,,,,,,,,,,,,,,,,,,,,,,,,,,,,,,,,,,,,
,,,,,,,,,,,,,,,,,,,,,,,,,,,,,,,,,,,,,
,,,,,,,,,,,,,,,,,,,,,,,,,,,,,,,,,,,,,
,,,,,,,,,,,,,,,,,,,,,,,,,,,,,,,,,,,,,
,,,,,,,,,,,,,,,,,,,,,,,,,,,,,,,,,,,,,
,,,,,,,,,,,,,,,,,,,,,,,,,,,,,,,,,,,,,
,,,,,,,,,,,,,,,,,,,,,,,,,,,,,,,,,,,,,
,,,,,,,,,,,,,,,,,,,,,,,,,,,,,,,,,,,,,
,,,,,,,,,,,,,,,,,,,,,,,,,,,,,,,,,,,,,
,,,,,,,,,,,,,,,,,,,,,,,,,,,,,,,,,,,,,
,,,,,,,,,,,,,,,,,,,,,,,,,,,,,,,,,,,,,
,,,,,,,,,,,,,,,,,,,,,,,,,,,,,,,,,,,,,
,,,,,,,,,,,,,,,,,,,,,,,,,,,,,,,,,,,,,
,,,,,,,,,,,,,,,,,,,,,,,,,,,,,,,,,,,,,
,,,,,,,,,,,,,,,,,,,,,,,,,,,,,,,,,,,,,
,,,,,,,,,,,,,,,,,,,,,,,,,,,,,,,,,,,,,
,,,,,,,,,,,,,,,,,,,,,,,,,,,,,,,,,,,,,
,,,,,,,,,,,,,,,,,,,,,,,,,,,,,,,,,,,,,
,,,,,,,,,,,,,,,,,,,,,,,,,,,,,,,,,,,,,
,,,,,,,,,,,,,,,,,,,,,,,,,,,,,,,,,,,,,
,,,,,,,,,,,,,,,,,,,,,,,,,,,,,,,,,,,,,
,,,,,,,,,,,,,,,,,,,,,,,,,,,,,,,,,,,,,
,,,,,,,,,,,,,,,,,,,,,,,,,,,,,,,,,,,,,
,,,,,,,,,,,,,,,,,,,,,,,,,,,,,,,,,,,,,
,,,,,,,,,,,,,,,,,,,,,,,,,,,,,,,,,,,,,
,,,,,,,,,,,,,,,,,,,,,,,,,,,,,,,,,,,,,
,,,,,,,,,,,,,,,,,,,,,,,,,,,,,,,,,,,,,
,,,,,,,,,,,,,,,,,,,,,,,,,,,,,,,,,,,,,
,,,,,,,,,,,,,,,,,,,,,,,,,,,,,,,,,,,,,
,,,,,,,,,,,,,,,,,,,,,,,,,,,,,,,,,,,,,
,,,,,,,,,,,,,,,,,,,,,,,,,,,,,,,,,,,,,
,,,,,,,,,,,,,,,,,,,,,,,,,,,,,,,,,,,,,
,,,,,,,,,,,,,,,,,,,,,,,,,,,,,,,,,,,,,
,,,,,,,,,,,,,,,,,,,,,,,,,,,,,,,,,,,,,
,,,,,,,,,,,,,,,,,,,,,,,,,,,,,,,,,,,,,
,,,,,,,,,,,,,,,,,,,,,,,,,,,,,,,,,,,,,
,,,,,,,,,,,,,,,,,,,,,,,,,,,,,,,,,,,,,
,,,,,,,,,,,,,,,,,,,,,,,,,,,,,,,,,,,,,
,,,,,,,,,,,,,,,,,,,,,,,,,,,,,,,,,,,,,
,,,,,,,,,,,,,,,,,,,,,,,,,,,,,,,,,,,,,
,,,,,,,,,,,,,,,,,,,,,,,,,,,,,,,,,,,,,
,,,,,,,,,,,,,,,,,,,,,,,,,,,,,,,,,,,,,
,,,,,,,,,,,,,,,,,,,,,,,,,,,,,,,,,,,,,
,,,,,,,,,,,,,,,,,,,,,,,,,,,,,,,,,,,,,